Id,OwnerId,IsDeleted,Name,CreatedDate,CreatedById,LastModifiedDate,LastModifiedById,SystemModstamp,LastViewedDate,LastReferencedDate,Balance_Tenure__c,Event__c,Loan_Id_Ext__c,Loan_Number__c,New_Int_Rate_Type__c,New_ROI__c,Old_Int_Rate_Type__c,Old_ROI__c,Rev_Date__c,Tal_migrated__c
"a0GFf0000009TcHMAU","005Ff000001F2fFIAS","false","a0GFf0000009TcH","2023-05-20T09:15:32.000Z","005Ff000001F2fFIAS","2023-05-20T09:15:32.000Z","005Ff000001F2fFIAS","2023-05-20T09:15:32.000Z","","","","FLOAT","HOU/DEL/0223/00679","a00Ff000003QWFaIAO","Floating Rate","11.5","Floating Rate","10.75","2007-04-01","Yes"
"a0GFf0000009TcIMAU","005Ff000001F2fFIAS","false","a0GFf0000009TcI","2023-05-20T09:15:32.000Z","005Ff000001F2fFIAS","2023-05-20T09:15:32.000Z","005Ff000001F2fFIAS","2023-05-20T09:15:32.000Z","","","","FLOAT","HOU/DEL/0223/00679","a00Ff000003QWFaIAO","Floating Rate","12.5","Floating Rate","11.5","2007-05-02","Yes"
"a0GFf0000009TcJMAU","005Ff000001F2fFIAS","false","a0GFf0000009TcJ","2023-05-20T09:15:32.000Z","005Ff000001F2fFIAS","2023-05-20T09:15:32.000Z","005Ff000001F2fFIAS","2023-05-20T09:15:32.000Z","","","","FLOAT","HOU/DEL/0223/00679","a00Ff000003QWFaIAO","Floating Rate","13.0","Floating Rate","12.5","2008-07-22","Yes"
"a0GFf0000009TcKMAU","005Ff000001F2fFIAS","false","a0GFf0000009TcK","2023-05-20T09:15:32.000Z","005Ff000001F2fFIAS","2023-05-20T09:15:32.000Z","005Ff000001F2fFIAS","2023-05-20T09:15:32.000Z","","","","FLOAT","HOU/DEL/0223/00679","a00Ff000003QWFaIAO","Floating Rate","13.75","Floating Rate","13.0","2008-08-01","Yes"
"a0GFf0000009TcLMAU","005Ff000001F2fFIAS","false","a0GFf0000009TcL","2023-05-20T09:15:32.000Z","005Ff000001F2fFIAS","2023-05-20T09:15:32.000Z","005Ff000001F2fFIAS","2023-05-20T09:15:32.000Z","","","","FLOAT","HOU/DEL/0223/00679","a00Ff000003QWFaIAO","Floating Rate","13.0","Floating Rate","13.75","2009-01-01","Yes"
"a0GFf0000009TcMMAU","005Ff000001F2fFIAS","false","a0GFf0000009TcM","2023-05-20T09:15:32.000Z","005Ff000001F2fFIAS","2023-05-20T09:15:32.000Z","005Ff000001F2fFIAS","2023-05-20T09:15:32.000Z","","","","FLOAT","HOU/DEL/0223/00679","a00Ff000003QWFaIAO","Floating Rate","12.75","Floating Rate","13.0","2009-05-01","Yes"
"a0GFf0000009TcNMAU","005Ff000001F2fFIAS","false","a0GFf0000009TcN","2023-05-20T09:15:32.000Z","005Ff000001F2fFIAS","2023-05-20T09:15:32.000Z","005Ff000001F2fFIAS","2023-05-20T09:15:32.000Z","","","","FLOAT","HOU/DEL/0223/00679","a00Ff000003QWFaIAO","Floating Rate","13.25","Floating Rate","12.75","2011-01-01","Yes"
"a0GFf0000009TcOMAU","005Ff000001F2fFIAS","false","a0GFf0000009TcO","2023-05-20T09:15:32.000Z","005Ff000001F2fFIAS","2023-05-20T09:15:32.000Z","005Ff000001F2fFIAS","2023-05-20T09:15:32.000Z","","","","FLOAT","HOU/DEL/0223/00679","a00Ff000003QWFaIAO","Floating Rate","13.5","Floating Rate","13.25","2011-04-01","Yes"
"a0GFf0000009TcPMAU","005Ff000001F2fFIAS","false","a0GFf0000009TcP","2023-05-20T09:15:32.000Z","005Ff000001F2fFIAS","2023-05-20T09:15:32.000Z","005Ff000001F2fFIAS","2023-05-20T09:15:32.000Z","","","","FLOAT","HOU/DEL/0223/00679","a00Ff000003QWFaIAO","Floating Rate","13.75","Floating Rate","13.5","2011-06-01","Yes"
"a0GFf0000009TcQMAU","005Ff000001F2fFIAS","false","a0GFf0000009TcQ","2023-05-20T09:15:32.000Z","005Ff000001F2fFIAS","2023-05-20T09:15:32.000Z","005Ff000001F2fFIAS","2023-05-20T09:15:32.000Z","","","","FLOAT","HOU/DEL/0223/00679","a00Ff000003QWFaIAO","Floating Rate","14.25","Floating Rate","13.75","2011-08-01","Yes"
"a0GFf0000009TcRMAU","005Ff000001F2fFIAS","false","a0GFf0000009TcR","2023-05-20T09:15:32.000Z","005Ff000001F2fFIAS","2023-05-20T09:15:32.000Z","005Ff000001F2fFIAS","2023-05-20T09:15:32.000Z","","","","FLOAT","HOU/DEL/0223/00692","a00Ff000003QWFnIAO","Floating Rate","11.5","Floating Rate","10.75","2007-04-01","Yes"
"a0GFf0000009TcSMAU","005Ff000001F2fFIAS","false","a0GFf0000009TcS","2023-05-20T09:15:32.000Z","005Ff000001F2fFIAS","2023-05-20T09:15:32.000Z","005Ff000001F2fFIAS","2023-05-20T09:15:32.000Z","","","","FLOAT","HOU/DEL/0223/00692","a00Ff000003QWFnIAO","Floating Rate","12.5","Floating Rate","11.5","2007-05-02","Yes"
"a0GFf0000009TcTMAU","005Ff000001F2fFIAS","false","a0GFf0000009TcT","2023-05-20T09:15:32.000Z","005Ff000001F2fFIAS","2023-05-20T09:15:32.000Z","005Ff000001F2fFIAS","2023-05-20T09:15:32.000Z","","","","FLOAT","HOU/DEL/0223/00692","a00Ff000003QWFnIAO","Floating Rate","13.0","Floating Rate","12.5","2008-07-22","Yes"
"a0GFf0000009TcUMAU","005Ff000001F2fFIAS","false","a0GFf0000009TcU","2023-05-20T09:15:32.000Z","005Ff000001F2fFIAS","2023-05-20T09:15:32.000Z","005Ff000001F2fFIAS","2023-05-20T09:15:32.000Z","","","","FLOAT","HOU/DEL/0223/00692","a00Ff000003QWFnIAO","Floating Rate","13.75","Floating Rate","13.0","2008-08-01","Yes"
"a0GFf0000009TcVMAU","005Ff000001F2fFIAS","false","a0GFf0000009TcV","2023-05-20T09:15:32.000Z","005Ff000001F2fFIAS","2023-05-20T09:15:32.000Z","005Ff000001F2fFIAS","2023-05-20T09:15:32.000Z","","","","FLOAT","HOU/DEL/0223/00692","a00Ff000003QWFnIAO","Floating Rate","13.0","Floating Rate","13.75","2009-01-01","Yes"
"a0GFf0000009TcWMAU","005Ff000001F2fFIAS","false","a0GFf0000009TcW","2023-05-20T09:15:32.000Z","005Ff000001F2fFIAS","2023-05-20T09:15:32.000Z","005Ff000001F2fFIAS","2023-05-20T09:15:32.000Z","","","","FLOAT","HOU/DEL/0223/00692","a00Ff000003QWFnIAO","Floating Rate","12.75","Floating Rate","13.0","2009-05-01","Yes"
"a0GFf0000009TcXMAU","005Ff000001F2fFIAS","false","a0GFf0000009TcX","2023-05-20T09:15:32.000Z","005Ff000001F2fFIAS","2023-05-20T09:15:32.000Z","005Ff000001F2fFIAS","2023-05-20T09:15:32.000Z","","","","FLOAT","HOU/DEL/0223/00692","a00Ff000003QWFnIAO","Floating Rate","13.25","Floating Rate","12.75","2011-01-01","Yes"
"a0GFf0000009TcYMAU","005Ff000001F2fFIAS","false","a0GFf0000009TcY","2023-05-20T09:15:32.000Z","005Ff000001F2fFIAS","2023-05-20T09:15:32.000Z","005Ff000001F2fFIAS","2023-05-20T09:15:32.000Z","","","","FLOAT","HOU/DEL/0223/00692","a00Ff000003QWFnIAO","Floating Rate","13.5","Floating Rate","13.25","2011-04-01","Yes"
"a0GFf0000009TcZMAU","005Ff000001F2fFIAS","false","a0GFf0000009TcZ","2023-05-20T09:15:32.000Z","005Ff000001F2fFIAS","2023-05-20T09:15:32.000Z","005Ff000001F2fFIAS","2023-05-20T09:15:32.000Z","","","","FLOAT","HOU/DEL/0223/00692","a00Ff000003QWFnIAO","Floating Rate","13.75","Floating Rate","13.5","2011-06-01","Yes"
"a0GFf0000009TcaMAE","005Ff000001F2fFIAS","false","a0GFf0000009Tca","2023-05-20T09:15:32.000Z","005Ff000001F2fFIAS","2023-05-20T09:15:32.000Z","005Ff000001F2fFIAS","2023-05-20T09:15:32.000Z","","","","FLOAT","HOU/DEL/0223/00692","a00Ff000003QWFnIAO","Floating Rate","14.25","Floating Rate","13.75","2011-08-01","Yes"
"a0GFf0000009TcbMAE","005Ff000001F2fFIAS","false","a0GFf0000009Tcb","2023-05-20T09:15:32.000Z","005Ff000001F2fFIAS","2023-05-20T09:15:32.000Z","005Ff000001F2fFIAS","2023-05-20T09:15:32.000Z","","","","FLOAT","HOU/DEL/0223/00691","a00Ff000003QWFmIAO","Floating Rate","13.0","Floating Rate","12.5","2008-07-22","Yes"
"a0GFf0000009TccMAE","005Ff000001F2fFIAS","false","a0GFf0000009Tcc","2023-05-20T09:15:32.000Z","005Ff000001F2fFIAS","2023-05-20T09:15:32.000Z","005Ff000001F2fFIAS","2023-05-20T09:15:32.000Z","","","","FLOAT","HOU/DEL/0223/00691","a00Ff000003QWFmIAO","Floating Rate","13.75","Floating Rate","13.0","2008-08-01","Yes"
"a0GFf0000009TcdMAE","005Ff000001F2fFIAS","false","a0GFf0000009Tcd","2023-05-20T09:15:32.000Z","005Ff000001F2fFIAS","2023-05-20T09:15:32.000Z","005Ff000001F2fFIAS","2023-05-20T09:15:32.000Z","","","","FLOAT","HOU/DEL/0223/00691","a00Ff000003QWFmIAO","Floating Rate","13.0","Floating Rate","13.75","2009-01-01","Yes"
"a0GFf0000009TceMAE","005Ff000001F2fFIAS","false","a0GFf0000009Tce","2023-05-20T09:15:32.000Z","005Ff000001F2fFIAS","2023-05-20T09:15:32.000Z","005Ff000001F2fFIAS","2023-05-20T09:15:32.000Z","","","","FLOAT","HOU/DEL/0223/00691","a00Ff000003QWFmIAO","Floating Rate","12.75","Floating Rate","13.0","2009-05-01","Yes"
"a0GFf0000009TcfMAE","005Ff000001F2fFIAS","false","a0GFf0000009Tcf","2023-05-20T09:15:32.000Z","005Ff000001F2fFIAS","2023-05-20T09:15:32.000Z","005Ff000001F2fFIAS","2023-05-20T09:15:32.000Z","","","","FLOAT","HOU/DEL/0223/00691","a00Ff000003QWFmIAO","Floating Rate","13.25","Floating Rate","12.75","2011-01-01","Yes"
"a0GFf0000009TcgMAE","005Ff000001F2fFIAS","false","a0GFf0000009Tcg","2023-05-20T09:15:32.000Z","005Ff000001F2fFIAS","2023-05-20T09:15:32.000Z","005Ff000001F2fFIAS","2023-05-20T09:15:32.000Z","","","","FLOAT","HOU/DEL/0223/00691","a00Ff000003QWFmIAO","Floating Rate","13.5","Floating Rate","13.25","2011-04-01","Yes"
"a0GFf0000009TchMAE","005Ff000001F2fFIAS","false","a0GFf0000009Tch","2023-05-20T09:15:32.000Z","005Ff000001F2fFIAS","2023-05-20T09:15:32.000Z","005Ff000001F2fFIAS","2023-05-20T09:15:32.000Z","","","","FLOAT","HOU/DEL/0223/00691","a00Ff000003QWFmIAO","Floating Rate","13.75","Floating Rate","13.5","2011-06-01","Yes"
"a0GFf0000009TciMAE","005Ff000001F2fFIAS","false","a0GFf0000009Tci","2023-05-20T09:15:32.000Z","005Ff000001F2fFIAS","2023-05-20T09:15:32.000Z","005Ff000001F2fFIAS","2023-05-20T09:15:32.000Z","","","","FLOAT","HOU/DEL/0223/00691","a00Ff000003QWFmIAO","Floating Rate","14.25","Floating Rate","13.75","2011-08-01","Yes"
"a0GFf0000009TcjMAE","005Ff000001F2fFIAS","false","a0GFf0000009Tcj","2023-05-20T09:15:32.000Z","005Ff000001F2fFIAS","2023-05-20T09:15:32.000Z","005Ff000001F2fFIAS","2023-05-20T09:15:32.000Z","","","","FLOAT","HOU/DEL/0223/00690","a00Ff000003QWFlIAO","Floating Rate","11.5","Floating Rate","10.75","2007-04-01","Yes"
"a0GFf0000009TckMAE","005Ff000001F2fFIAS","false","a0GFf0000009Tck","2023-05-20T09:15:32.000Z","005Ff000001F2fFIAS","2023-05-20T09:15:32.000Z","005Ff000001F2fFIAS","2023-05-20T09:15:32.000Z","","","","FLOAT","HOU/DEL/0223/00690","a00Ff000003QWFlIAO","Floating Rate","12.5","Floating Rate","11.5","2007-05-02","Yes"
"a0GFf0000009TclMAE","005Ff000001F2fFIAS","false","a0GFf0000009Tcl","2023-05-20T09:15:32.000Z","005Ff000001F2fFIAS","2023-05-20T09:15:32.000Z","005Ff000001F2fFIAS","2023-05-20T09:15:32.000Z","","","","FLOAT","HOU/DEL/0223/00690","a00Ff000003QWFlIAO","Floating Rate","13.0","Floating Rate","12.5","2008-07-22","Yes"
"a0GFf0000009TcmMAE","005Ff000001F2fFIAS","false","a0GFf0000009Tcm","2023-05-20T09:15:32.000Z","005Ff000001F2fFIAS","2023-05-20T09:15:32.000Z","005Ff000001F2fFIAS","2023-05-20T09:15:32.000Z","","","","FLOAT","HOU/DEL/0223/00690","a00Ff000003QWFlIAO","Floating Rate","13.75","Floating Rate","13.0","2008-08-01","Yes"
"a0GFf0000009TcnMAE","005Ff000001F2fFIAS","false","a0GFf0000009Tcn","2023-05-20T09:15:32.000Z","005Ff000001F2fFIAS","2023-05-20T09:15:32.000Z","005Ff000001F2fFIAS","2023-05-20T09:15:32.000Z","","","","FLOAT","HOU/DEL/0223/00690","a00Ff000003QWFlIAO","Floating Rate","13.0","Floating Rate","13.75","2009-01-01","Yes"
"a0GFf0000009TcoMAE","005Ff000001F2fFIAS","false","a0GFf0000009Tco","2023-05-20T09:15:32.000Z","005Ff000001F2fFIAS","2023-05-20T09:15:32.000Z","005Ff000001F2fFIAS","2023-05-20T09:15:32.000Z","","","","FLOAT","HOU/DEL/0223/00690","a00Ff000003QWFlIAO","Floating Rate","12.75","Floating Rate","13.0","2009-05-01","Yes"
"a0GFf0000009TcpMAE","005Ff000001F2fFIAS","false","a0GFf0000009Tcp","2023-05-20T09:15:32.000Z","005Ff000001F2fFIAS","2023-05-20T09:15:32.000Z","005Ff000001F2fFIAS","2023-05-20T09:15:32.000Z","","","","FLOAT","HOU/DEL/0223/00690","a00Ff000003QWFlIAO","Floating Rate","13.25","Floating Rate","12.75","2011-01-01","Yes"
"a0GFf0000009TcqMAE","005Ff000001F2fFIAS","false","a0GFf0000009Tcq","2023-05-20T09:15:32.000Z","005Ff000001F2fFIAS","2023-05-20T09:15:32.000Z","005Ff000001F2fFIAS","2023-05-20T09:15:32.000Z","","","","FLOAT","HOU/DEL/0223/00690","a00Ff000003QWFlIAO","Floating Rate","13.5","Floating Rate","13.25","2011-04-01","Yes"
"a0GFf0000009TcrMAE","005Ff000001F2fFIAS","false","a0GFf0000009Tcr","2023-05-20T09:15:32.000Z","005Ff000001F2fFIAS","2023-05-20T09:15:32.000Z","005Ff000001F2fFIAS","2023-05-20T09:15:32.000Z","","","","FLOAT","HOU/DEL/0223/00690","a00Ff000003QWFlIAO","Floating Rate","13.75","Floating Rate","13.5","2011-06-01","Yes"
"a0GFf0000009TcsMAE","005Ff000001F2fFIAS","false","a0GFf0000009Tcs","2023-05-20T09:15:32.000Z","005Ff000001F2fFIAS","2023-05-20T09:15:32.000Z","005Ff000001F2fFIAS","2023-05-20T09:15:32.000Z","","","","FLOAT","HOU/DEL/0223/00690","a00Ff000003QWFlIAO","Floating Rate","14.25","Floating Rate","13.75","2011-08-01","Yes"
"a0GFf0000009TctMAE","005Ff000001F2fFIAS","false","a0GFf0000009Tct","2023-05-20T09:15:32.000Z","005Ff000001F2fFIAS","2023-05-20T09:15:32.000Z","005Ff000001F2fFIAS","2023-05-20T09:15:32.000Z","","","","FLOAT","HOU/DEL/0223/00689","a00Ff000003QWFkIAO","Floating Rate","11.5","Floating Rate","10.75","2007-04-01","Yes"
"a0GFf0000009TcuMAE","005Ff000001F2fFIAS","false","a0GFf0000009Tcu","2023-05-20T09:15:32.000Z","005Ff000001F2fFIAS","2023-05-20T09:15:32.000Z","005Ff000001F2fFIAS","2023-05-20T09:15:32.000Z","","","","FLOAT","HOU/DEL/0223/00689","a00Ff000003QWFkIAO","Floating Rate","12.5","Floating Rate","11.5","2007-05-02","Yes"
"a0GFf0000009TcvMAE","005Ff000001F2fFIAS","false","a0GFf0000009Tcv","2023-05-20T09:15:32.000Z","005Ff000001F2fFIAS","2023-05-20T09:15:32.000Z","005Ff000001F2fFIAS","2023-05-20T09:15:32.000Z","","","","FLOAT","HOU/DEL/0223/00689","a00Ff000003QWFkIAO","Floating Rate","13.0","Floating Rate","12.5","2008-07-22","Yes"
"a0GFf0000009TcwMAE","005Ff000001F2fFIAS","false","a0GFf0000009Tcw","2023-05-20T09:15:32.000Z","005Ff000001F2fFIAS","2023-05-20T09:15:32.000Z","005Ff000001F2fFIAS","2023-05-20T09:15:32.000Z","","","","FLOAT","HOU/DEL/0223/00689","a00Ff000003QWFkIAO","Floating Rate","13.75","Floating Rate","13.0","2008-08-01","Yes"
"a0GFf0000009TcxMAE","005Ff000001F2fFIAS","false","a0GFf0000009Tcx","2023-05-20T09:15:32.000Z","005Ff000001F2fFIAS","2023-05-20T09:15:32.000Z","005Ff000001F2fFIAS","2023-05-20T09:15:32.000Z","","","","FLOAT","HOU/DEL/0223/00689","a00Ff000003QWFkIAO","Floating Rate","13.0","Floating Rate","13.75","2009-01-01","Yes"
"a0GFf0000009TcyMAE","005Ff000001F2fFIAS","false","a0GFf0000009Tcy","2023-05-20T09:15:32.000Z","005Ff000001F2fFIAS","2023-05-20T09:15:32.000Z","005Ff000001F2fFIAS","2023-05-20T09:15:32.000Z","","","","FLOAT","HOU/DEL/0223/00689","a00Ff000003QWFkIAO","Floating Rate","12.75","Floating Rate","13.0","2009-05-01","Yes"
"a0GFf0000009TczMAE","005Ff000001F2fFIAS","false","a0GFf0000009Tcz","2023-05-20T09:15:32.000Z","005Ff000001F2fFIAS","2023-05-20T09:15:32.000Z","005Ff000001F2fFIAS","2023-05-20T09:15:32.000Z","","","","FLOAT","HOU/DEL/0223/00689","a00Ff000003QWFkIAO","Floating Rate","13.25","Floating Rate","12.75","2011-01-01","Yes"
"a0GFf0000009Td0MAE","005Ff000001F2fFIAS","false","a0GFf0000009Td0","2023-05-20T09:15:32.000Z","005Ff000001F2fFIAS","2023-05-20T09:15:32.000Z","005Ff000001F2fFIAS","2023-05-20T09:15:32.000Z","","","","FLOAT","HOU/DEL/0223/00689","a00Ff000003QWFkIAO","Floating Rate","13.5","Floating Rate","13.25","2011-04-01","Yes"
"a0GFf0000009Td1MAE","005Ff000001F2fFIAS","false","a0GFf0000009Td1","2023-05-20T09:15:32.000Z","005Ff000001F2fFIAS","2023-05-20T09:15:32.000Z","005Ff000001F2fFIAS","2023-05-20T09:15:32.000Z","","","","FLOAT","HOU/DEL/0223/00689","a00Ff000003QWFkIAO","Floating Rate","13.75","Floating Rate","13.5","2011-06-01","Yes"
"a0GFf0000009Td2MAE","005Ff000001F2fFIAS","false","a0GFf0000009Td2","2023-05-20T09:15:32.000Z","005Ff000001F2fFIAS","2023-05-20T09:15:32.000Z","005Ff000001F2fFIAS","2023-05-20T09:15:32.000Z","","","","FLOAT","HOU/DEL/0223/00689","a00Ff000003QWFkIAO","Floating Rate","14.25","Floating Rate","13.75","2011-08-01","Yes"
"a0GFf0000009Td3MAE","005Ff000001F2fFIAS","false","a0GFf0000009Td3","2023-05-20T09:15:32.000Z","005Ff000001F2fFIAS","2023-05-20T09:15:32.000Z","005Ff000001F2fFIAS","2023-05-20T09:15:32.000Z","","","","FLOAT","HOU/DEL/0223/00681","a00Ff000003QWFcIAO","Floating Rate","10.25","Floating Rate","10.25","2008-09-30","Yes"
"a0GFf0000009Td4MAE","005Ff000001F2fFIAS","false","a0GFf0000009Td4","2023-05-20T09:15:32.000Z","005Ff000001F2fFIAS","2023-05-20T09:15:32.000Z","005Ff000001F2fFIAS","2023-05-20T09:15:32.000Z","","","","FLOAT","HOU/DEL/0223/00681","a00Ff000003QWFcIAO","Floating Rate","12.5","Floating Rate","10.25","2009-01-01","Yes"
"a0GFf0000009Td5MAE","005Ff000001F2fFIAS","false","a0GFf0000009Td5","2023-05-20T09:15:32.000Z","005Ff000001F2fFIAS","2023-05-20T09:15:32.000Z","005Ff000001F2fFIAS","2023-05-20T09:15:32.000Z","","","","FLOAT","HOU/DEL/0223/00681","a00Ff000003QWFcIAO","Floating Rate","12.75","Floating Rate","12.5","2009-05-01","Yes"
"a0GFf0000009Td6MAE","005Ff000001F2fFIAS","false","a0GFf0000009Td6","2023-05-20T09:15:32.000Z","005Ff000001F2fFIAS","2023-05-20T09:15:32.000Z","005Ff000001F2fFIAS","2023-05-20T09:15:32.000Z","","","","FLOAT","HOU/DEL/0223/00681","a00Ff000003QWFcIAO","Floating Rate","13.25","Floating Rate","12.75","2011-01-01","Yes"
"a0GFf0000009Td7MAE","005Ff000001F2fFIAS","false","a0GFf0000009Td7","2023-05-20T09:15:32.000Z","005Ff000001F2fFIAS","2023-05-20T09:15:32.000Z","005Ff000001F2fFIAS","2023-05-20T09:15:32.000Z","","","","FLOAT","HOU/DEL/0223/00681","a00Ff000003QWFcIAO","Floating Rate","13.5","Floating Rate","13.25","2011-04-01","Yes"
"a0GFf0000009Td8MAE","005Ff000001F2fFIAS","false","a0GFf0000009Td8","2023-05-20T09:15:32.000Z","005Ff000001F2fFIAS","2023-05-20T09:15:32.000Z","005Ff000001F2fFIAS","2023-05-20T09:15:32.000Z","","","","FLOAT","HOU/DEL/0223/00681","a00Ff000003QWFcIAO","Floating Rate","13.75","Floating Rate","13.5","2011-06-01","Yes"
"a0GFf0000009Td9MAE","005Ff000001F2fFIAS","false","a0GFf0000009Td9","2023-05-20T09:15:32.000Z","005Ff000001F2fFIAS","2023-05-20T09:15:32.000Z","005Ff000001F2fFIAS","2023-05-20T09:15:32.000Z","","","","FLOAT","HOU/DEL/0223/00681","a00Ff000003QWFcIAO","Floating Rate","14.25","Floating Rate","13.75","2011-08-01","Yes"
"a0GFf0000009TdAMAU","005Ff000001F2fFIAS","false","a0GFf0000009TdA","2023-05-20T09:15:32.000Z","005Ff000001F2fFIAS","2023-05-20T09:15:32.000Z","005Ff000001F2fFIAS","2023-05-20T09:15:32.000Z","","","","FLOAT","HOU/DEL/0223/00680","a00Ff000003QWFbIAO","Floating Rate","11.5","Floating Rate","10.75","2007-04-01","Yes"
"a0GFf0000009TdBMAU","005Ff000001F2fFIAS","false","a0GFf0000009TdB","2023-05-20T09:15:32.000Z","005Ff000001F2fFIAS","2023-05-20T09:15:32.000Z","005Ff000001F2fFIAS","2023-05-20T09:15:32.000Z","","","","FLOAT","HOU/DEL/0223/00680","a00Ff000003QWFbIAO","Floating Rate","12.5","Floating Rate","11.5","2007-05-02","Yes"
"a0GFf0000009TdCMAU","005Ff000001F2fFIAS","false","a0GFf0000009TdC","2023-05-20T09:15:32.000Z","005Ff000001F2fFIAS","2023-05-20T09:15:32.000Z","005Ff000001F2fFIAS","2023-05-20T09:15:32.000Z","","","","FLOAT","HOU/DEL/0223/00680","a00Ff000003QWFbIAO","Floating Rate","13.0","Floating Rate","12.5","2008-07-22","Yes"
"a0GFf0000009TdDMAU","005Ff000001F2fFIAS","false","a0GFf0000009TdD","2023-05-20T09:15:32.000Z","005Ff000001F2fFIAS","2023-05-20T09:15:32.000Z","005Ff000001F2fFIAS","2023-05-20T09:15:32.000Z","","","","FLOAT","HOU/DEL/0223/00680","a00Ff000003QWFbIAO","Floating Rate","13.75","Floating Rate","13.0","2008-08-01","Yes"
"a0GFf0000009TdEMAU","005Ff000001F2fFIAS","false","a0GFf0000009TdE","2023-05-20T09:15:32.000Z","005Ff000001F2fFIAS","2023-05-20T09:15:32.000Z","005Ff000001F2fFIAS","2023-05-20T09:15:32.000Z","","","","FLOAT","HOU/DEL/0223/00680","a00Ff000003QWFbIAO","Floating Rate","13.0","Floating Rate","13.75","2009-01-01","Yes"
"a0GFf0000009TdFMAU","005Ff000001F2fFIAS","false","a0GFf0000009TdF","2023-05-20T09:15:32.000Z","005Ff000001F2fFIAS","2023-05-20T09:15:32.000Z","005Ff000001F2fFIAS","2023-05-20T09:15:32.000Z","","","","FLOAT","HOU/DEL/0223/00680","a00Ff000003QWFbIAO","Floating Rate","12.75","Floating Rate","13.0","2009-05-01","Yes"
"a0GFf0000009TdGMAU","005Ff000001F2fFIAS","false","a0GFf0000009TdG","2023-05-20T09:15:32.000Z","005Ff000001F2fFIAS","2023-05-20T09:15:32.000Z","005Ff000001F2fFIAS","2023-05-20T09:15:32.000Z","","","","FLOAT","HOU/DEL/0223/00680","a00Ff000003QWFbIAO","Floating Rate","13.25","Floating Rate","12.75","2011-01-01","Yes"
"a0GFf0000009TdHMAU","005Ff000001F2fFIAS","false","a0GFf0000009TdH","2023-05-20T09:15:32.000Z","005Ff000001F2fFIAS","2023-05-20T09:15:32.000Z","005Ff000001F2fFIAS","2023-05-20T09:15:32.000Z","","","","FLOAT","HOU/DEL/0223/00680","a00Ff000003QWFbIAO","Floating Rate","13.5","Floating Rate","13.25","2011-04-01","Yes"
"a0GFf0000009TdIMAU","005Ff000001F2fFIAS","false","a0GFf0000009TdI","2023-05-20T09:15:32.000Z","005Ff000001F2fFIAS","2023-05-20T09:15:32.000Z","005Ff000001F2fFIAS","2023-05-20T09:15:32.000Z","","","","FLOAT","HOU/DEL/0223/00680","a00Ff000003QWFbIAO","Floating Rate","13.75","Floating Rate","13.5","2011-06-01","Yes"
"a0GFf0000009TdJMAU","005Ff000001F2fFIAS","false","a0GFf0000009TdJ","2023-05-20T09:15:32.000Z","005Ff000001F2fFIAS","2023-05-20T09:15:32.000Z","005Ff000001F2fFIAS","2023-05-20T09:15:32.000Z","","","","FLOAT","HOU/DEL/0223/00680","a00Ff000003QWFbIAO","Floating Rate","14.25","Floating Rate","13.75","2011-08-01","Yes"
"a0GFf0000009TdKMAU","005Ff000001F2fFIAS","false","a0GFf0000009TdK","2023-05-20T09:15:32.000Z","005Ff000001F2fFIAS","2023-05-20T09:15:32.000Z","005Ff000001F2fFIAS","2023-05-20T09:15:32.000Z","","","","FLOAT","HOU/DEL/0223/00688","a00Ff000003QWFjIAO","Floating Rate","11.5","Floating Rate","10.75","2007-04-01","Yes"
"a0GFf0000009TdLMAU","005Ff000001F2fFIAS","false","a0GFf0000009TdL","2023-05-20T09:15:32.000Z","005Ff000001F2fFIAS","2023-05-20T09:15:32.000Z","005Ff000001F2fFIAS","2023-05-20T09:15:32.000Z","","","","FLOAT","HOU/DEL/0223/00688","a00Ff000003QWFjIAO","Floating Rate","12.5","Floating Rate","11.5","2007-05-02","Yes"
"a0GFf0000009TdMMAU","005Ff000001F2fFIAS","false","a0GFf0000009TdM","2023-05-20T09:15:32.000Z","005Ff000001F2fFIAS","2023-05-20T09:15:32.000Z","005Ff000001F2fFIAS","2023-05-20T09:15:32.000Z","","","","FLOAT","HOU/DEL/0223/00688","a00Ff000003QWFjIAO","Floating Rate","12.5","Floating Rate","12.5","2007-07-31","Yes"
"a0GFf0000009TdNMAU","005Ff000001F2fFIAS","false","a0GFf0000009TdN","2023-05-20T09:15:32.000Z","005Ff000001F2fFIAS","2023-05-20T09:15:32.000Z","005Ff000001F2fFIAS","2023-05-20T09:15:32.000Z","","","","FLOAT","HOU/DEL/0223/00688","a00Ff000003QWFjIAO","Floating Rate","12.5","Floating Rate","12.5","2008-09-30","Yes"
"a0GFf0000009TdOMAU","005Ff000001F2fFIAS","false","a0GFf0000009TdO","2023-05-20T09:15:32.000Z","005Ff000001F2fFIAS","2023-05-20T09:15:32.000Z","005Ff000001F2fFIAS","2023-05-20T09:15:32.000Z","","","","FLOAT","HOU/DEL/0223/00688","a00Ff000003QWFjIAO","Floating Rate","13.0","Floating Rate","12.5","2009-01-01","Yes"
"a0GFf0000009TdPMAU","005Ff000001F2fFIAS","false","a0GFf0000009TdP","2023-05-20T09:15:32.000Z","005Ff000001F2fFIAS","2023-05-20T09:15:32.000Z","005Ff000001F2fFIAS","2023-05-20T09:15:32.000Z","","","","FLOAT","HOU/DEL/0223/00688","a00Ff000003QWFjIAO","Floating Rate","12.75","Floating Rate","13.0","2009-05-01","Yes"
"a0GFf0000009TdQMAU","005Ff000001F2fFIAS","false","a0GFf0000009TdQ","2023-05-20T09:15:32.000Z","005Ff000001F2fFIAS","2023-05-20T09:15:32.000Z","005Ff000001F2fFIAS","2023-05-20T09:15:32.000Z","","","","FLOAT","HOU/DEL/0223/00688","a00Ff000003QWFjIAO","Floating Rate","13.25","Floating Rate","12.75","2011-01-01","Yes"
"a0GFf0000009TdRMAU","005Ff000001F2fFIAS","false","a0GFf0000009TdR","2023-05-20T09:15:32.000Z","005Ff000001F2fFIAS","2023-05-20T09:15:32.000Z","005Ff000001F2fFIAS","2023-05-20T09:15:32.000Z","","","","FLOAT","HOU/DEL/0223/00688","a00Ff000003QWFjIAO","Floating Rate","13.5","Floating Rate","13.25","2011-04-01","Yes"
"a0GFf0000009TdSMAU","005Ff000001F2fFIAS","false","a0GFf0000009TdS","2023-05-20T09:15:32.000Z","005Ff000001F2fFIAS","2023-05-20T09:15:32.000Z","005Ff000001F2fFIAS","2023-05-20T09:15:32.000Z","","","","FLOAT","HOU/DEL/0223/00688","a00Ff000003QWFjIAO","Floating Rate","13.75","Floating Rate","13.5","2011-06-01","Yes"
"a0GFf0000009TdTMAU","005Ff000001F2fFIAS","false","a0GFf0000009TdT","2023-05-20T09:15:32.000Z","005Ff000001F2fFIAS","2023-05-20T09:15:32.000Z","005Ff000001F2fFIAS","2023-05-20T09:15:32.000Z","","","","FLOAT","HOU/DEL/0223/00688","a00Ff000003QWFjIAO","Floating Rate","14.25","Floating Rate","13.75","2011-08-01","Yes"
"a0GFf0000009TdUMAU","005Ff000001F2fFIAS","false","a0GFf0000009TdU","2023-05-20T09:15:32.000Z","005Ff000001F2fFIAS","2023-05-20T09:15:32.000Z","005Ff000001F2fFIAS","2023-05-20T09:15:32.000Z","","","","FLOAT","HOU/DEL/0223/00687","a00Ff000003QWFiIAO","Floating Rate","11.5","Floating Rate","10.75","2007-04-01","Yes"
"a0GFf0000009TdVMAU","005Ff000001F2fFIAS","false","a0GFf0000009TdV","2023-05-20T09:15:32.000Z","005Ff000001F2fFIAS","2023-05-20T09:15:32.000Z","005Ff000001F2fFIAS","2023-05-20T09:15:32.000Z","","","","FLOAT","HOU/DEL/0223/00687","a00Ff000003QWFiIAO","Floating Rate","12.5","Floating Rate","11.5","2007-05-02","Yes"
"a0GFf0000009TdWMAU","005Ff000001F2fFIAS","false","a0GFf0000009TdW","2023-05-20T09:15:32.000Z","005Ff000001F2fFIAS","2023-05-20T09:15:32.000Z","005Ff000001F2fFIAS","2023-05-20T09:15:32.000Z","","","","FLOAT","HOU/DEL/0223/00687","a00Ff000003QWFiIAO","Floating Rate","12.5","Floating Rate","12.5","2007-07-31","Yes"
"a0GFf0000009TdXMAU","005Ff000001F2fFIAS","false","a0GFf0000009TdX","2023-05-20T09:15:32.000Z","005Ff000001F2fFIAS","2023-05-20T09:15:32.000Z","005Ff000001F2fFIAS","2023-05-20T09:15:32.000Z","","","","FLOAT","HOU/DEL/0223/00687","a00Ff000003QWFiIAO","Floating Rate","12.5","Floating Rate","12.5","2008-09-30","Yes"
"a0GFf0000009TdYMAU","005Ff000001F2fFIAS","false","a0GFf0000009TdY","2023-05-20T09:15:32.000Z","005Ff000001F2fFIAS","2023-05-20T09:15:32.000Z","005Ff000001F2fFIAS","2023-05-20T09:15:32.000Z","","","","FLOAT","HOU/DEL/0223/00687","a00Ff000003QWFiIAO","Floating Rate","13.0","Floating Rate","12.5","2009-01-01","Yes"
"a0GFf0000009TdZMAU","005Ff000001F2fFIAS","false","a0GFf0000009TdZ","2023-05-20T09:15:32.000Z","005Ff000001F2fFIAS","2023-05-20T09:15:32.000Z","005Ff000001F2fFIAS","2023-05-20T09:15:32.000Z","","","","FLOAT","HOU/DEL/0223/00687","a00Ff000003QWFiIAO","Floating Rate","12.75","Floating Rate","13.0","2009-05-01","Yes"
"a0GFf0000009TdaMAE","005Ff000001F2fFIAS","false","a0GFf0000009Tda","2023-05-20T09:15:32.000Z","005Ff000001F2fFIAS","2023-05-20T09:15:32.000Z","005Ff000001F2fFIAS","2023-05-20T09:15:32.000Z","","","","FLOAT","HOU/DEL/0223/00687","a00Ff000003QWFiIAO","Floating Rate","13.25","Floating Rate","12.75","2011-01-01","Yes"
"a0GFf0000009TdbMAE","005Ff000001F2fFIAS","false","a0GFf0000009Tdb","2023-05-20T09:15:32.000Z","005Ff000001F2fFIAS","2023-05-20T09:15:32.000Z","005Ff000001F2fFIAS","2023-05-20T09:15:32.000Z","","","","FLOAT","HOU/DEL/0223/00687","a00Ff000003QWFiIAO","Floating Rate","13.5","Floating Rate","13.25","2011-04-01","Yes"
"a0GFf0000009TdcMAE","005Ff000001F2fFIAS","false","a0GFf0000009Tdc","2023-05-20T09:15:32.000Z","005Ff000001F2fFIAS","2023-05-20T09:15:32.000Z","005Ff000001F2fFIAS","2023-05-20T09:15:32.000Z","","","","FLOAT","HOU/DEL/0223/00687","a00Ff000003QWFiIAO","Floating Rate","13.75","Floating Rate","13.5","2011-06-01","Yes"
"a0GFf0000009TddMAE","005Ff000001F2fFIAS","false","a0GFf0000009Tdd","2023-05-20T09:15:32.000Z","005Ff000001F2fFIAS","2023-05-20T09:15:32.000Z","005Ff000001F2fFIAS","2023-05-20T09:15:32.000Z","","","","FLOAT","HOU/DEL/0223/00687","a00Ff000003QWFiIAO","Floating Rate","14.25","Floating Rate","13.75","2011-08-01","Yes"
"a0GFf0000009TdeMAE","005Ff000001F2fFIAS","false","a0GFf0000009Tde","2023-05-20T09:15:32.000Z","005Ff000001F2fFIAS","2023-05-20T09:15:32.000Z","005Ff000001F2fFIAS","2023-05-20T09:15:32.000Z","","","","FLOAT","HOU/DEL/0223/00691","a00Ff000003QWFmIAO","Floating Rate","11.5","Floating Rate","10.75","2007-04-01","Yes"
"a0GFf0000009TdfMAE","005Ff000001F2fFIAS","false","a0GFf0000009Tdf","2023-05-20T09:15:32.000Z","005Ff000001F2fFIAS","2023-05-20T09:15:32.000Z","005Ff000001F2fFIAS","2023-05-20T09:15:32.000Z","","","","FLOAT","HOU/DEL/0223/00691","a00Ff000003QWFmIAO","Floating Rate","12.5","Floating Rate","11.5","2007-05-02","Yes"
"a0GFf0000009TdgMAE","005Ff000001F2fFIAS","false","a0GFf0000009Tdg","2023-05-20T09:15:32.000Z","005Ff000001F2fFIAS","2023-05-20T09:15:32.000Z","005Ff000001F2fFIAS","2023-05-20T09:15:32.000Z","","","","FLOAT","HOU/DEL/0223/00671","a00Ff000003QWFSIA4","Floating Rate","11.0","Floating Rate","10.25","2007-04-01","Yes"
"a0GFf0000009TdhMAE","005Ff000001F2fFIAS","false","a0GFf0000009Tdh","2023-05-20T09:15:32.000Z","005Ff000001F2fFIAS","2023-05-20T09:15:32.000Z","005Ff000001F2fFIAS","2023-05-20T09:15:32.000Z","","","","FLOAT","HOU/DEL/0223/00671","a00Ff000003QWFSIA4","Floating Rate","12.0","Floating Rate","11.0","2007-05-02","Yes"
"a0GFf0000009TdiMAE","005Ff000001F2fFIAS","false","a0GFf0000009Tdi","2023-05-20T09:15:32.000Z","005Ff000001F2fFIAS","2023-05-20T09:15:32.000Z","005Ff000001F2fFIAS","2023-05-20T09:15:32.000Z","","","","FLOAT","HOU/DEL/0223/00671","a00Ff000003QWFSIA4","Floating Rate","12.5","Floating Rate","12.0","2008-07-22","Yes"
"a0GFf0000009TdjMAE","005Ff000001F2fFIAS","false","a0GFf0000009Tdj","2023-05-20T09:15:32.000Z","005Ff000001F2fFIAS","2023-05-20T09:15:32.000Z","005Ff000001F2fFIAS","2023-05-20T09:15:32.000Z","","","","FLOAT","HOU/DEL/0223/00671","a00Ff000003QWFSIA4","Floating Rate","13.25","Floating Rate","12.5","2008-08-01","Yes"
"a0GFf0000009TdkMAE","005Ff000001F2fFIAS","false","a0GFf0000009Tdk","2023-05-20T09:15:32.000Z","005Ff000001F2fFIAS","2023-05-20T09:15:32.000Z","005Ff000001F2fFIAS","2023-05-20T09:15:32.000Z","","","","FLOAT","HOU/DEL/0223/00678","a00Ff000003QWFZIA4","Floating Rate","10.25","Floating Rate","9.5","2007-04-01","Yes"
"a0GFf0000009TdlMAE","005Ff000001F2fFIAS","false","a0GFf0000009Tdl","2023-05-20T09:15:32.000Z","005Ff000001F2fFIAS","2023-05-20T09:15:32.000Z","005Ff000001F2fFIAS","2023-05-20T09:15:32.000Z","","","","FLOAT","HOU/DEL/0223/00678","a00Ff000003QWFZIA4","Floating Rate","11.25","Floating Rate","10.25","2007-05-02","Yes"
"a0GFf0000009TdmMAE","005Ff000001F2fFIAS","false","a0GFf0000009Tdm","2023-05-20T09:15:32.000Z","005Ff000001F2fFIAS","2023-05-20T09:15:32.000Z","005Ff000001F2fFIAS","2023-05-20T09:15:32.000Z","","","","FLOAT","HOU/DEL/0223/00678","a00Ff000003QWFZIA4","Floating Rate","11.25","Floating Rate","11.25","2007-06-18","Yes"
"a0GFf0000009TdnMAE","005Ff000001F2fFIAS","false","a0GFf0000009Tdn","2023-05-20T09:15:32.000Z","005Ff000001F2fFIAS","2023-05-20T09:15:32.000Z","005Ff000001F2fFIAS","2023-05-20T09:15:32.000Z","","","","FLOAT","HOU/DEL/0223/00678","a00Ff000003QWFZIA4","Floating Rate","11.25","Floating Rate","11.25","2008-09-30","Yes"
"a0GFf0000009TdoMAE","005Ff000001F2fFIAS","false","a0GFf0000009Tdo","2023-05-20T09:15:32.000Z","005Ff000001F2fFIAS","2023-05-20T09:15:32.000Z","005Ff000001F2fFIAS","2023-05-20T09:15:32.000Z","","","","FLOAT","HOU/DEL/0223/00678","a00Ff000003QWFZIA4","Floating Rate","12.25","Floating Rate","11.25","2009-01-01","Yes"
"a0GFf0000009TdpMAE","005Ff000001F2fFIAS","false","a0GFf0000009Tdp","2023-05-20T09:15:32.000Z","005Ff000001F2fFIAS","2023-05-20T09:15:32.000Z","005Ff000001F2fFIAS","2023-05-20T09:15:32.000Z","","","","FLOAT","HOU/DEL/0223/00678","a00Ff000003QWFZIA4","Floating Rate","12.0","Floating Rate","12.25","2009-05-01","Yes"
"a0GFf0000009TdqMAE","005Ff000001F2fFIAS","false","a0GFf0000009Tdq","2023-05-20T09:15:32.000Z","005Ff000001F2fFIAS","2023-05-20T09:15:32.000Z","005Ff000001F2fFIAS","2023-05-20T09:15:32.000Z","","","","FLOAT","HOU/DEL/0223/00678","a00Ff000003QWFZIA4","Floating Rate","12.5","Floating Rate","12.0","2011-01-01","Yes"
"a0GFf0000009TdrMAE","005Ff000001F2fFIAS","false","a0GFf0000009Tdr","2023-05-20T09:15:32.000Z","005Ff000001F2fFIAS","2023-05-20T09:15:32.000Z","005Ff000001F2fFIAS","2023-05-20T09:15:32.000Z","","","","FLOAT","HOU/DEL/0223/00678","a00Ff000003QWFZIA4","Floating Rate","12.75","Floating Rate","12.5","2011-04-01","Yes"
"a0GFf0000009TdsMAE","005Ff000001F2fFIAS","false","a0GFf0000009Tds","2023-05-20T09:15:32.000Z","005Ff000001F2fFIAS","2023-05-20T09:15:32.000Z","005Ff000001F2fFIAS","2023-05-20T09:15:32.000Z","","","","FLOAT","HOU/DEL/0223/00678","a00Ff000003QWFZIA4","Floating Rate","13.0","Floating Rate","12.75","2011-06-01","Yes"
"a0GFf0000009TdtMAE","005Ff000001F2fFIAS","false","a0GFf0000009Tdt","2023-05-20T09:15:32.000Z","005Ff000001F2fFIAS","2023-05-20T09:15:32.000Z","005Ff000001F2fFIAS","2023-05-20T09:15:32.000Z","","","","FLOAT","HOU/DEL/0223/00678","a00Ff000003QWFZIA4","Floating Rate","13.5","Floating Rate","13.0","2011-08-01","Yes"
"a0GFf0000009TduMAE","005Ff000001F2fFIAS","false","a0GFf0000009Tdu","2023-05-20T09:15:32.000Z","005Ff000001F2fFIAS","2023-05-20T09:15:32.000Z","005Ff000001F2fFIAS","2023-05-20T09:15:32.000Z","","","","FLOAT","HOU/DEL/0223/00693","a00Ff000003QWFoIAO","Floating Rate","11.5","Floating Rate","10.75","2007-04-01","Yes"
"a0GFf0000009TdvMAE","005Ff000001F2fFIAS","false","a0GFf0000009Tdv","2023-05-20T09:15:32.000Z","005Ff000001F2fFIAS","2023-05-20T09:15:32.000Z","005Ff000001F2fFIAS","2023-05-20T09:15:32.000Z","","","","FLOAT","HOU/DEL/0223/00693","a00Ff000003QWFoIAO","Floating Rate","12.5","Floating Rate","11.5","2007-05-02","Yes"
"a0GFf0000009TdwMAE","005Ff000001F2fFIAS","false","a0GFf0000009Tdw","2023-05-20T09:15:32.000Z","005Ff000001F2fFIAS","2023-05-20T09:15:32.000Z","005Ff000001F2fFIAS","2023-05-20T09:15:32.000Z","","","","FLOAT","HOU/DEL/0223/00693","a00Ff000003QWFoIAO","Floating Rate","12.5","Floating Rate","12.5","2007-07-31","Yes"
"a0GFf0000009TdxMAE","005Ff000001F2fFIAS","false","a0GFf0000009Tdx","2023-05-20T09:15:32.000Z","005Ff000001F2fFIAS","2023-05-20T09:15:32.000Z","005Ff000001F2fFIAS","2023-05-20T09:15:32.000Z","","","","FLOAT","HOU/DEL/0223/00693","a00Ff000003QWFoIAO","Floating Rate","12.5","Floating Rate","12.5","2008-09-30","Yes"
"a0GFf0000009TdyMAE","005Ff000001F2fFIAS","false","a0GFf0000009Tdy","2023-05-20T09:15:32.000Z","005Ff000001F2fFIAS","2023-05-20T09:15:32.000Z","005Ff000001F2fFIAS","2023-05-20T09:15:32.000Z","","","","FLOAT","HOU/DEL/0223/00693","a00Ff000003QWFoIAO","Floating Rate","13.0","Floating Rate","12.5","2009-01-01","Yes"
"a0GFf0000009TdzMAE","005Ff000001F2fFIAS","false","a0GFf0000009Tdz","2023-05-20T09:15:32.000Z","005Ff000001F2fFIAS","2023-05-20T09:15:32.000Z","005Ff000001F2fFIAS","2023-05-20T09:15:32.000Z","","","","FLOAT","HOU/DEL/0223/00693","a00Ff000003QWFoIAO","Floating Rate","12.75","Floating Rate","13.0","2009-05-01","Yes"
"a0GFf0000009Te0MAE","005Ff000001F2fFIAS","false","a0GFf0000009Te0","2023-05-20T09:15:32.000Z","005Ff000001F2fFIAS","2023-05-20T09:15:32.000Z","005Ff000001F2fFIAS","2023-05-20T09:15:32.000Z","","","","FLOAT","HOU/DEL/0223/00693","a00Ff000003QWFoIAO","Floating Rate","13.25","Floating Rate","12.75","2011-01-01","Yes"
"a0GFf0000009Te1MAE","005Ff000001F2fFIAS","false","a0GFf0000009Te1","2023-05-20T09:15:32.000Z","005Ff000001F2fFIAS","2023-05-20T09:15:32.000Z","005Ff000001F2fFIAS","2023-05-20T09:15:32.000Z","","","","FLOAT","HOU/DEL/0223/00693","a00Ff000003QWFoIAO","Floating Rate","13.5","Floating Rate","13.25","2011-04-01","Yes"
"a0GFf0000009Te2MAE","005Ff000001F2fFIAS","false","a0GFf0000009Te2","2023-05-20T09:15:32.000Z","005Ff000001F2fFIAS","2023-05-20T09:15:32.000Z","005Ff000001F2fFIAS","2023-05-20T09:15:32.000Z","","","","FLOAT","HOU/DEL/0223/00693","a00Ff000003QWFoIAO","Floating Rate","13.75","Floating Rate","13.5","2011-06-01","Yes"
"a0GFf0000009Te3MAE","005Ff000001F2fFIAS","false","a0GFf0000009Te3","2023-05-20T09:15:32.000Z","005Ff000001F2fFIAS","2023-05-20T09:15:32.000Z","005Ff000001F2fFIAS","2023-05-20T09:15:32.000Z","","","","FLOAT","HOU/DEL/0223/00693","a00Ff000003QWFoIAO","Floating Rate","14.25","Floating Rate","13.75","2011-08-01","Yes"
"a0GFf0000009Te4MAE","005Ff000001F2fFIAS","false","a0GFf0000009Te4","2023-05-20T09:15:32.000Z","005Ff000001F2fFIAS","2023-05-20T09:15:32.000Z","005Ff000001F2fFIAS","2023-05-20T09:15:32.000Z","","","","FLOAT","HOU/DEL/0223/00674","a00Ff000003QWFVIA4","Floating Rate","11.5","Floating Rate","10.75","2007-04-01","Yes"
"a0GFf0000009Te5MAE","005Ff000001F2fFIAS","false","a0GFf0000009Te5","2023-05-20T09:15:32.000Z","005Ff000001F2fFIAS","2023-05-20T09:15:32.000Z","005Ff000001F2fFIAS","2023-05-20T09:15:32.000Z","","","","FLOAT","HOU/DEL/0223/00674","a00Ff000003QWFVIA4","Floating Rate","12.5","Floating Rate","11.5","2007-05-02","Yes"
"a0GFf0000009Te6MAE","005Ff000001F2fFIAS","false","a0GFf0000009Te6","2023-05-20T09:15:32.000Z","005Ff000001F2fFIAS","2023-05-20T09:15:32.000Z","005Ff000001F2fFIAS","2023-05-20T09:15:32.000Z","","","","FLOAT","HOU/DEL/0223/00674","a00Ff000003QWFVIA4","Floating Rate","13.0","Floating Rate","12.5","2008-07-22","Yes"
"a0GFf0000009Te7MAE","005Ff000001F2fFIAS","false","a0GFf0000009Te7","2023-05-20T09:15:32.000Z","005Ff000001F2fFIAS","2023-05-20T09:15:32.000Z","005Ff000001F2fFIAS","2023-05-20T09:15:32.000Z","","","","FLOAT","HOU/DEL/0223/00674","a00Ff000003QWFVIA4","Floating Rate","13.75","Floating Rate","13.0","2008-08-01","Yes"
"a0GFf0000009Te8MAE","005Ff000001F2fFIAS","false","a0GFf0000009Te8","2023-05-20T09:15:32.000Z","005Ff000001F2fFIAS","2023-05-20T09:15:32.000Z","005Ff000001F2fFIAS","2023-05-20T09:15:32.000Z","","","","FLOAT","HOU/DEL/0223/00674","a00Ff000003QWFVIA4","Floating Rate","13.0","Floating Rate","13.75","2009-01-01","Yes"
"a0GFf0000009Te9MAE","005Ff000001F2fFIAS","false","a0GFf0000009Te9","2023-05-20T09:15:32.000Z","005Ff000001F2fFIAS","2023-05-20T09:15:32.000Z","005Ff000001F2fFIAS","2023-05-20T09:15:32.000Z","","","","FLOAT","HOU/DEL/0223/00674","a00Ff000003QWFVIA4","Floating Rate","12.75","Floating Rate","13.0","2009-05-01","Yes"
"a0GFf0000009TeAMAU","005Ff000001F2fFIAS","false","a0GFf0000009TeA","2023-05-20T09:15:32.000Z","005Ff000001F2fFIAS","2023-05-20T09:15:32.000Z","005Ff000001F2fFIAS","2023-05-20T09:15:32.000Z","","","","FLOAT","HOU/DEL/0223/00674","a00Ff000003QWFVIA4","Floating Rate","13.25","Floating Rate","12.75","2011-01-01","Yes"
"a0GFf0000009TeBMAU","005Ff000001F2fFIAS","false","a0GFf0000009TeB","2023-05-20T09:15:32.000Z","005Ff000001F2fFIAS","2023-05-20T09:15:32.000Z","005Ff000001F2fFIAS","2023-05-20T09:15:32.000Z","","","","FLOAT","HOU/DEL/0223/00674","a00Ff000003QWFVIA4","Floating Rate","13.5","Floating Rate","13.25","2011-04-01","Yes"
"a0GFf0000009TeCMAU","005Ff000001F2fFIAS","false","a0GFf0000009TeC","2023-05-20T09:15:32.000Z","005Ff000001F2fFIAS","2023-05-20T09:15:32.000Z","005Ff000001F2fFIAS","2023-05-20T09:15:32.000Z","","","","FLOAT","HOU/DEL/0223/00674","a00Ff000003QWFVIA4","Floating Rate","13.75","Floating Rate","13.5","2011-06-01","Yes"
"a0GFf0000009TeDMAU","005Ff000001F2fFIAS","false","a0GFf0000009TeD","2023-05-20T09:15:32.000Z","005Ff000001F2fFIAS","2023-05-20T09:15:32.000Z","005Ff000001F2fFIAS","2023-05-20T09:15:32.000Z","","","","FLOAT","HOU/DEL/0223/00674","a00Ff000003QWFVIA4","Floating Rate","14.25","Floating Rate","13.75","2011-08-01","Yes"
"a0GFf0000009TeEMAU","005Ff000001F2fFIAS","false","a0GFf0000009TeE","2023-05-20T09:15:32.000Z","005Ff000001F2fFIAS","2023-05-20T09:15:32.000Z","005Ff000001F2fFIAS","2023-05-20T09:15:32.000Z","","","","FLOAT","HOU/DEL/0223/00675","a00Ff000003QWFWIA4","Floating Rate","12.0","Floating Rate","12.0","2007-07-31","Yes"
"a0GFf0000009TeFMAU","005Ff000001F2fFIAS","false","a0GFf0000009TeF","2023-05-20T09:15:32.000Z","005Ff000001F2fFIAS","2023-05-20T09:15:32.000Z","005Ff000001F2fFIAS","2023-05-20T09:15:32.000Z","","","","FLOAT","HOU/DEL/0223/00675","a00Ff000003QWFWIA4","Floating Rate","12.0","Floating Rate","12.0","2007-09-27","Yes"
"a0GFf0000009TeGMAU","005Ff000001F2fFIAS","false","a0GFf0000009TeG","2023-05-20T09:15:32.000Z","005Ff000001F2fFIAS","2023-05-20T09:15:32.000Z","005Ff000001F2fFIAS","2023-05-20T09:15:32.000Z","","","","FLOAT","HOU/DEL/0223/00675","a00Ff000003QWFWIA4","Floating Rate","12.0","Floating Rate","12.0","2008-09-30","Yes"
"a0GFf0000009TeHMAU","005Ff000001F2fFIAS","false","a0GFf0000009TeH","2023-05-20T09:15:32.000Z","005Ff000001F2fFIAS","2023-05-20T09:15:32.000Z","005Ff000001F2fFIAS","2023-05-20T09:15:32.000Z","","","","FLOAT","HOU/DEL/0223/00675","a00Ff000003QWFWIA4","Floating Rate","14.25","Floating Rate","12.0","2009-01-01","Yes"
"a0GFf0000009TeIMAU","005Ff000001F2fFIAS","false","a0GFf0000009TeI","2023-05-20T09:15:32.000Z","005Ff000001F2fFIAS","2023-05-20T09:15:32.000Z","005Ff000001F2fFIAS","2023-05-20T09:15:32.000Z","","","","FLOAT","HOU/DEL/0223/00675","a00Ff000003QWFWIA4","Floating Rate","12.75","Floating Rate","14.25","2009-05-01","Yes"
"a0GFf0000009TeJMAU","005Ff000001F2fFIAS","false","a0GFf0000009TeJ","2023-05-20T09:15:32.000Z","005Ff000001F2fFIAS","2023-05-20T09:15:32.000Z","005Ff000001F2fFIAS","2023-05-20T09:15:32.000Z","","","","FLOAT","HOU/DEL/0223/00675","a00Ff000003QWFWIA4","Floating Rate","13.25","Floating Rate","12.75","2011-01-01","Yes"
"a0GFf0000009TeKMAU","005Ff000001F2fFIAS","false","a0GFf0000009TeK","2023-05-20T09:15:32.000Z","005Ff000001F2fFIAS","2023-05-20T09:15:32.000Z","005Ff000001F2fFIAS","2023-05-20T09:15:32.000Z","","","","FLOAT","HOU/DEL/0223/00675","a00Ff000003QWFWIA4","Floating Rate","13.5","Floating Rate","13.25","2011-04-01","Yes"
"a0GFf0000009TeLMAU","005Ff000001F2fFIAS","false","a0GFf0000009TeL","2023-05-20T09:15:32.000Z","005Ff000001F2fFIAS","2023-05-20T09:15:32.000Z","005Ff000001F2fFIAS","2023-05-20T09:15:32.000Z","","","","FLOAT","HOU/DEL/0223/00675","a00Ff000003QWFWIA4","Floating Rate","13.75","Floating Rate","13.5","2011-06-01","Yes"
"a0GFf0000009TeMMAU","005Ff000001F2fFIAS","false","a0GFf0000009TeM","2023-05-20T09:15:32.000Z","005Ff000001F2fFIAS","2023-05-20T09:15:32.000Z","005Ff000001F2fFIAS","2023-05-20T09:15:32.000Z","","","","FLOAT","HOU/DEL/0223/00675","a00Ff000003QWFWIA4","Floating Rate","14.25","Floating Rate","13.75","2011-08-01","Yes"
"a0GFf0000009TeNMAU","005Ff000001F2fFIAS","false","a0GFf0000009TeN","2023-05-20T09:15:32.000Z","005Ff000001F2fFIAS","2023-05-20T09:15:32.000Z","005Ff000001F2fFIAS","2023-05-20T09:15:32.000Z","","","","FLOAT","HOU/DEL/0223/00673","a00Ff000003QWFUIA4","Fixed Rate","11.5","Fixed Rate","10.75","2007-04-01","Yes"
"a0GFf0000009TeOMAU","005Ff000001F2fFIAS","false","a0GFf0000009TeO","2023-05-20T09:15:32.000Z","005Ff000001F2fFIAS","2023-05-20T09:15:32.000Z","005Ff000001F2fFIAS","2023-05-20T09:15:32.000Z","","","","FLOAT","HOU/DEL/0223/00673","a00Ff000003QWFUIA4","Fixed Rate","12.5","Fixed Rate","11.5","2007-05-02","Yes"
"a0GFf0000009TePMAU","005Ff000001F2fFIAS","false","a0GFf0000009TeP","2023-05-20T09:15:32.000Z","005Ff000001F2fFIAS","2023-05-20T09:15:32.000Z","005Ff000001F2fFIAS","2023-05-20T09:15:32.000Z","","","","FLOAT","HOU/DEL/0223/00673","a00Ff000003QWFUIA4","Fixed Rate","13.0","Fixed Rate","12.5","2008-07-22","Yes"
"a0GFf0000009TeQMAU","005Ff000001F2fFIAS","false","a0GFf0000009TeQ","2023-05-20T09:15:32.000Z","005Ff000001F2fFIAS","2023-05-20T09:15:32.000Z","005Ff000001F2fFIAS","2023-05-20T09:15:32.000Z","","","","FLOAT","HOU/DEL/0223/00673","a00Ff000003QWFUIA4","Fixed Rate","13.75","Fixed Rate","13.0","2008-08-01","Yes"
"a0GFf0000009TeRMAU","005Ff000001F2fFIAS","false","a0GFf0000009TeR","2023-05-20T09:15:32.000Z","005Ff000001F2fFIAS","2023-05-20T09:15:32.000Z","005Ff000001F2fFIAS","2023-05-20T09:15:32.000Z","","","","FLOAT","HOU/DEL/0223/00673","a00Ff000003QWFUIA4","Fixed Rate","13.0","Fixed Rate","13.75","2009-01-01","Yes"
"a0GFf0000009TeSMAU","005Ff000001F2fFIAS","false","a0GFf0000009TeS","2023-05-20T09:15:32.000Z","005Ff000001F2fFIAS","2023-05-20T09:15:32.000Z","005Ff000001F2fFIAS","2023-05-20T09:15:32.000Z","","","","FLOAT","HOU/DEL/0223/00673","a00Ff000003QWFUIA4","Fixed Rate","12.75","Fixed Rate","13.0","2009-05-01","Yes"
"a0GFf0000009TeTMAU","005Ff000001F2fFIAS","false","a0GFf0000009TeT","2023-05-20T09:15:32.000Z","005Ff000001F2fFIAS","2023-05-20T09:15:32.000Z","005Ff000001F2fFIAS","2023-05-20T09:15:32.000Z","","","","FLOAT","HOU/DEL/0223/00673","a00Ff000003QWFUIA4","Fixed Rate","13.25","Fixed Rate","12.75","2011-01-01","Yes"
"a0GFf0000009TeUMAU","005Ff000001F2fFIAS","false","a0GFf0000009TeU","2023-05-20T09:15:32.000Z","005Ff000001F2fFIAS","2023-05-20T09:15:32.000Z","005Ff000001F2fFIAS","2023-05-20T09:15:32.000Z","","","","FLOAT","HOU/DEL/0223/00673","a00Ff000003QWFUIA4","Fixed Rate","13.5","Fixed Rate","13.25","2011-04-01","Yes"
"a0GFf0000009TeVMAU","005Ff000001F2fFIAS","false","a0GFf0000009TeV","2023-05-20T09:15:32.000Z","005Ff000001F2fFIAS","2023-05-20T09:15:32.000Z","005Ff000001F2fFIAS","2023-05-20T09:15:32.000Z","","","","FLOAT","HOU/DEL/0223/00673","a00Ff000003QWFUIA4","Fixed Rate","13.75","Fixed Rate","13.5","2011-06-01","Yes"
"a0GFf0000009TeWMAU","005Ff000001F2fFIAS","false","a0GFf0000009TeW","2023-05-20T09:15:32.000Z","005Ff000001F2fFIAS","2023-05-20T09:15:32.000Z","005Ff000001F2fFIAS","2023-05-20T09:15:32.000Z","","","","FLOAT","HOU/DEL/0223/00673","a00Ff000003QWFUIA4","Fixed Rate","14.25","Fixed Rate","13.75","2011-08-01","Yes"
"a0GFf0000009TeXMAU","005Ff000001F2fFIAS","false","a0GFf0000009TeX","2023-05-20T09:15:32.000Z","005Ff000001F2fFIAS","2023-05-20T09:15:32.000Z","005Ff000001F2fFIAS","2023-05-20T09:15:32.000Z","","","","FLOAT","HOU/DEL/0223/00673","a00Ff000003QWFUIA4","Fixed Rate","10.75","Fixed Rate","14.25","2012-08-31","Yes"
"a0GFf0000009TeYMAU","005Ff000001F2fFIAS","false","a0GFf0000009TeY","2023-05-20T09:15:32.000Z","005Ff000001F2fFIAS","2023-05-20T09:15:32.000Z","005Ff000001F2fFIAS","2023-05-20T09:15:32.000Z","","","","FLOAT","HOU/DEL/0223/00677","a00Ff000003QWFYIA4","Floating Rate","11.5","Floating Rate","10.75","2007-04-01","Yes"
"a0GFf0000009TeZMAU","005Ff000001F2fFIAS","false","a0GFf0000009TeZ","2023-05-20T09:15:32.000Z","005Ff000001F2fFIAS","2023-05-20T09:15:32.000Z","005Ff000001F2fFIAS","2023-05-20T09:15:32.000Z","","","","FLOAT","HOU/DEL/0223/00677","a00Ff000003QWFYIA4","Floating Rate","12.5","Floating Rate","11.5","2007-05-02","Yes"
"a0GFf0000009TeaMAE","005Ff000001F2fFIAS","false","a0GFf0000009Tea","2023-05-20T09:15:32.000Z","005Ff000001F2fFIAS","2023-05-20T09:15:32.000Z","005Ff000001F2fFIAS","2023-05-20T09:15:32.000Z","","","","FLOAT","HOU/DEL/0223/00677","a00Ff000003QWFYIA4","Floating Rate","13.0","Floating Rate","12.5","2008-07-22","Yes"
"a0GFf0000009TebMAE","005Ff000001F2fFIAS","false","a0GFf0000009Teb","2023-05-20T09:15:32.000Z","005Ff000001F2fFIAS","2023-05-20T09:15:32.000Z","005Ff000001F2fFIAS","2023-05-20T09:15:32.000Z","","","","FLOAT","HOU/DEL/0223/00677","a00Ff000003QWFYIA4","Floating Rate","13.75","Floating Rate","13.0","2008-08-01","Yes"
"a0GFf0000009TecMAE","005Ff000001F2fFIAS","false","a0GFf0000009Tec","2023-05-20T09:15:32.000Z","005Ff000001F2fFIAS","2023-05-20T09:15:32.000Z","005Ff000001F2fFIAS","2023-05-20T09:15:32.000Z","","","","FLOAT","HOU/DEL/0223/00677","a00Ff000003QWFYIA4","Floating Rate","13.0","Floating Rate","13.75","2009-01-01","Yes"
"a0GFf0000009TedMAE","005Ff000001F2fFIAS","false","a0GFf0000009Ted","2023-05-20T09:15:32.000Z","005Ff000001F2fFIAS","2023-05-20T09:15:32.000Z","005Ff000001F2fFIAS","2023-05-20T09:15:32.000Z","","","","FLOAT","HOU/DEL/0223/00677","a00Ff000003QWFYIA4","Floating Rate","12.75","Floating Rate","13.0","2009-05-01","Yes"
"a0GFf0000009TeeMAE","005Ff000001F2fFIAS","false","a0GFf0000009Tee","2023-05-20T09:15:32.000Z","005Ff000001F2fFIAS","2023-05-20T09:15:32.000Z","005Ff000001F2fFIAS","2023-05-20T09:15:32.000Z","","","","FLOAT","HOU/DEL/0223/00677","a00Ff000003QWFYIA4","Floating Rate","13.25","Floating Rate","12.75","2011-01-01","Yes"
"a0GFf0000009TefMAE","005Ff000001F2fFIAS","false","a0GFf0000009Tef","2023-05-20T09:15:32.000Z","005Ff000001F2fFIAS","2023-05-20T09:15:32.000Z","005Ff000001F2fFIAS","2023-05-20T09:15:32.000Z","","","","FLOAT","HOU/DEL/0223/00677","a00Ff000003QWFYIA4","Floating Rate","13.5","Floating Rate","13.25","2011-04-01","Yes"
"a0GFf0000009TegMAE","005Ff000001F2fFIAS","false","a0GFf0000009Teg","2023-05-20T09:15:32.000Z","005Ff000001F2fFIAS","2023-05-20T09:15:32.000Z","005Ff000001F2fFIAS","2023-05-20T09:15:32.000Z","","","","FLOAT","HOU/DEL/0223/00677","a00Ff000003QWFYIA4","Floating Rate","13.75","Floating Rate","13.5","2011-06-01","Yes"
"a0GFf0000009TehMAE","005Ff000001F2fFIAS","false","a0GFf0000009Teh","2023-05-20T09:15:32.000Z","005Ff000001F2fFIAS","2023-05-20T09:15:32.000Z","005Ff000001F2fFIAS","2023-05-20T09:15:32.000Z","","","","FLOAT","HOU/DEL/0223/00677","a00Ff000003QWFYIA4","Floating Rate","14.25","Floating Rate","13.75","2011-08-01","Yes"
