Id,OwnerId,IsDeleted,Name,CreatedDate,CreatedById,LastModifiedDate,LastModifiedById,SystemModstamp,LastViewedDate,LastReferencedDate,Charges_Due__c,First_Unpaid_Installment__c,Installment_Amount__c,Interest_Due__c,Last_Adjusted_EMI_Date__c,Last_Payment_Amount__c,Last_Payment_Date__c,Loan_Id_Ext__c,Loan_Number__c,Next_Repayment_Date__c,Number_of_Months_in_Arrears__c,Principal_Due__c,Repayment_Frequency__c,Total_Due__c,Tal_migrated__c
"a0FFf000000CygLMAS","005Ff000001F2fFIAS","false","a0FFf000000CygL","2023-05-22T13:17:46.000Z","005Ff000001F2fFIAS","2023-05-22T13:17:46.000Z","005Ff000001F2fFIAS","2023-05-22T13:17:46.000Z","","","0.0","","","0.0","2022-02-02","4218.0","2022-02-02","HOU/DEL/0223/00181","a00Ff000003QOtyIAG","","0.0","0.0","Monthly","0.0","Yes"
"a0FFf000000CygMMAS","005Ff000001F2fFIAS","false","a0FFf000000CygM","2023-05-22T13:17:46.000Z","005Ff000001F2fFIAS","2023-05-22T13:17:46.000Z","005Ff000001F2fFIAS","2023-05-22T13:17:46.000Z","","","0.0","","","0.0","2023-04-15","0.0","2023-04-15","HOU/DEL/0223/00055","a00Ff000003QSOrIAO","2023-05-15","0.0","0.0","Monthly","0.0","Yes"
"a0FFf000000CygNMAS","005Ff000001F2fFIAS","false","a0FFf000000CygN","2023-05-22T13:17:46.000Z","005Ff000001F2fFIAS","2023-05-22T13:17:46.000Z","005Ff000001F2fFIAS","2023-05-22T13:17:46.000Z","","","0.0","","","0.0","2015-06-29","5700.0","2015-06-29","HOU/DEL/0223/00183","a00Ff000003QOu0IAG","","","","","0.0","Yes"
"a0FFf000000CygOMAS","005Ff000001F2fFIAS","false","a0FFf000000CygO","2023-05-22T13:17:46.000Z","005Ff000001F2fFIAS","2023-05-22T13:17:46.000Z","005Ff000001F2fFIAS","2023-05-22T13:17:46.000Z","","","500.25","","","0.0","2023-04-10","0.0","2023-04-10","HOU/DEL/0223/00056","a00Ff000003QSOsIAO","2023-05-10","0.0","0.0","Monthly","590.25","Yes"
"a0FFf000000CygPMAS","005Ff000001F2fFIAS","false","a0FFf000000CygP","2023-05-22T13:17:46.000Z","005Ff000001F2fFIAS","2023-05-22T13:17:46.000Z","005Ff000001F2fFIAS","2023-05-22T13:17:46.000Z","","","0.0","","","0.0","2022-09-09","0.0","2022-09-09","HOU/DEL/0223/00184","a00Ff000003QOu1IAG","","0.0","0.0","Monthly","0.0","Yes"
"a0FFf000000CygQMAS","005Ff000001F2fFIAS","false","a0FFf000000CygQ","2023-05-22T13:17:46.000Z","005Ff000001F2fFIAS","2023-05-22T13:17:46.000Z","005Ff000001F2fFIAS","2023-05-22T13:17:46.000Z","","","0.0","","","0.0","2018-05-07","379958.77","2018-05-07","HOU/DEL/0223/00185","a00Ff000003QOu2IAG","","0.0","0.0","Monthly","0.0","Yes"
"a0FFf000000CygRMAS","005Ff000001F2fFIAS","false","a0FFf000000CygR","2023-05-22T13:17:46.000Z","005Ff000001F2fFIAS","2023-05-22T13:17:46.000Z","005Ff000001F2fFIAS","2023-05-22T13:17:46.000Z","","","0.0","","","0.0","2021-03-18","0.0","2021-03-18","HOU/DEL/0223/00603","a00Ff000003QPKsIAO","","","","Monthly","0.0","Yes"
"a0FFf000000CygSMAS","005Ff000001F2fFIAS","false","a0FFf000000CygS","2023-05-22T13:17:46.000Z","005Ff000001F2fFIAS","2023-05-22T13:17:46.000Z","005Ff000001F2fFIAS","2023-05-22T13:17:46.000Z","","","0.0","","","0.0","","","","HOU/DEL/0223/00186","a00Ff000003QOu3IAG","","","","","0.0","Yes"
"a0FFf000000CygTMAS","005Ff000001F2fFIAS","false","a0FFf000000CygT","2023-05-22T13:17:46.000Z","005Ff000001F2fFIAS","2023-05-22T13:17:46.000Z","005Ff000001F2fFIAS","2023-05-22T13:17:46.000Z","","","0.0","","","0.0","2017-08-19","5482094.0","2017-08-19","HOU/DEL/0223/00182","a00Ff000003QOtzIAG","","","","Monthly","0.0","Yes"
"a0FFf000000CygUMAS","005Ff000001F2fFIAS","false","a0FFf000000CygU","2023-05-22T13:17:46.000Z","005Ff000001F2fFIAS","2023-05-22T13:17:46.000Z","005Ff000001F2fFIAS","2023-05-22T13:17:46.000Z","","","0.0","","","0.0","2015-10-28","3420.0","2015-10-28","HOU/DEL/0223/00194","a00Ff000003QOuBIAW","","","","","0.0","Yes"
"a0FFf000000CygVMAS","005Ff000001F2fFIAS","false","a0FFf000000CygV","2023-05-22T13:17:46.000Z","005Ff000001F2fFIAS","2023-05-22T13:17:46.000Z","005Ff000001F2fFIAS","2023-05-22T13:17:46.000Z","","","0.0","","","0.0","2019-08-17","0.0","2019-08-17","HOU/DEL/0223/00193","a00Ff000003QOuAIAW","","0.0","0.0","Monthly","0.0","Yes"
"a0FFf000000CygWMAS","005Ff000001F2fFIAS","false","a0FFf000000CygW","2023-05-22T13:17:46.000Z","005Ff000001F2fFIAS","2023-05-22T13:17:46.000Z","005Ff000001F2fFIAS","2023-05-22T13:17:46.000Z","","","0.0","","","0.0","2023-02-21","0.0","2023-02-21","HOU/DEL/0223/00188","a00Ff000003QOu5IAG","","","","Monthly","0.0","Yes"
"a0FFf000000CygXMAS","005Ff000001F2fFIAS","false","a0FFf000000CygX","2023-05-22T13:17:46.000Z","005Ff000001F2fFIAS","2023-05-22T13:17:46.000Z","005Ff000001F2fFIAS","2023-05-22T13:17:46.000Z","","","0.0","","","0.0","2023-03-21","1756986.0","2023-03-21","HOU/DEL/0223/00195","a00Ff000003QOuCIAW","","0.0","0.0","Monthly","0.0","Yes"
"a0FFf000000CygYMAS","005Ff000001F2fFIAS","false","a0FFf000000CygY","2023-05-22T13:17:46.000Z","005Ff000001F2fFIAS","2023-05-22T13:17:46.000Z","005Ff000001F2fFIAS","2023-05-22T13:17:46.000Z","","","0.0","","","0.0","2018-01-03","2586987.0","2018-01-03","HOU/DEL/0223/00202","a00Ff000003QOuJIAW","","0.0","0.0","Monthly","0.0","Yes"
"a0FFf000000CygZMAS","005Ff000001F2fFIAS","false","a0FFf000000CygZ","2023-05-22T13:17:46.000Z","005Ff000001F2fFIAS","2023-05-22T13:17:46.000Z","005Ff000001F2fFIAS","2023-05-22T13:17:46.000Z","","","3000.0","","","0.0","2015-10-30","5700.0","2015-10-30","HOU/DEL/0223/00201","a00Ff000003QOuIIAW","","","","","0.0","Yes"
"a0FFf000000CygaMAC","005Ff000001F2fFIAS","false","a0FFf000000Cyga","2023-05-22T13:17:46.000Z","005Ff000001F2fFIAS","2023-05-22T13:17:46.000Z","005Ff000001F2fFIAS","2023-05-22T13:17:46.000Z","","","0.0","","","0.0","","","","HOU/DEL/0223/00205","a00Ff000003QOuMIAW","","","","","0.0","Yes"
"a0FFf000000CygbMAC","005Ff000001F2fFIAS","false","a0FFf000000Cygb","2023-05-22T13:17:46.000Z","005Ff000001F2fFIAS","2023-05-22T13:17:46.000Z","005Ff000001F2fFIAS","2023-05-22T13:17:46.000Z","","","179033.0","","","0.0","2021-01-29","500.0","2021-01-29","HOU/DEL/0223/00003","a00Ff0000035JJdIAM","","0.0","0.0","Monthly","211260.0","Yes"
"a0FFf000000CygcMAC","005Ff000001F2fFIAS","false","a0FFf000000Cygc","2023-05-22T13:17:46.000Z","005Ff000001F2fFIAS","2023-05-22T13:17:46.000Z","005Ff000001F2fFIAS","2023-05-22T13:17:46.000Z","","","0.0","","","0.0","2015-10-19","3420.0","2015-10-19","HOU/DEL/0223/00192","a00Ff000003QOu9IAG","","","","","0.0","Yes"
"a0FFf000000CygdMAC","005Ff000001F2fFIAS","false","a0FFf000000Cygd","2023-05-22T13:17:46.000Z","005Ff000001F2fFIAS","2023-05-22T13:17:46.000Z","005Ff000001F2fFIAS","2023-05-22T13:17:46.000Z","","","13779.3","","","0.0","2023-04-10","0.0","2023-04-10","HOU/DEL/0223/00057","a00Ff000003QSOtIAO","2023-05-10","0.0","0.0","Monthly","15219.3","Yes"
"a0FFf000000CygeMAC","005Ff000001F2fFIAS","false","a0FFf000000Cyge","2023-05-22T13:17:46.000Z","005Ff000001F2fFIAS","2023-05-22T13:17:46.000Z","005Ff000001F2fFIAS","2023-05-22T13:17:46.000Z","","","0.0","","","0.0","2022-03-25","0.0","2022-03-25","HOU/DEL/0223/00189","a00Ff000003QOu6IAG","","","","Monthly","0.0","Yes"
"a0FFf000000CygfMAC","005Ff000001F2fFIAS","false","a0FFf000000Cygf","2023-05-22T13:17:46.000Z","005Ff000001F2fFIAS","2023-05-22T13:17:46.000Z","005Ff000001F2fFIAS","2023-05-22T13:17:46.000Z","","","1750.0","","","0.0","2015-10-27","1425.0","2015-10-27","HOU/DEL/0223/00191","a00Ff000003QOu8IAG","","","","","0.0","Yes"
"a0FFf000000CyggMAC","005Ff000001F2fFIAS","false","a0FFf000000Cygg","2023-05-22T13:17:46.000Z","005Ff000001F2fFIAS","2023-05-22T13:17:46.000Z","005Ff000001F2fFIAS","2023-05-22T13:17:46.000Z","","","0.0","","","0.0","2015-10-16","1720.0","2015-10-16","HOU/DEL/0223/00187","a00Ff000003QOu4IAG","","","","","0.0","Yes"
"a0FFf000000CyghMAC","005Ff000001F2fFIAS","false","a0FFf000000Cygh","2023-05-22T13:17:46.000Z","005Ff000001F2fFIAS","2023-05-22T13:17:46.000Z","005Ff000001F2fFIAS","2023-05-22T13:17:46.000Z","","","0.0","","","0.0","2016-11-10","44764.0","2016-11-10","HOU/DEL/0223/00009","a00Ff0000036vUvIAI","","","","Monthly","0.0","Yes"
"a0FFf000000CygiMAC","005Ff000001F2fFIAS","false","a0FFf000000Cygi","2023-05-22T13:17:46.000Z","005Ff000001F2fFIAS","2023-05-22T13:17:46.000Z","005Ff000001F2fFIAS","2023-05-22T13:17:46.000Z","","","2524.4","","","0.0","2023-04-20","0.0","2023-04-20","HOU/DEL/0223/00058","a00Ff000003QSOuIAO","2023-05-20","0.0","0.0","Monthly","2974.4","Yes"
"a0FFf000000CygjMAC","005Ff000001F2fFIAS","false","a0FFf000000Cygj","2023-05-22T13:17:46.000Z","005Ff000001F2fFIAS","2023-05-22T13:17:46.000Z","005Ff000001F2fFIAS","2023-05-22T13:17:46.000Z","","","0.0","","","0.0","","","","HOU/DEL/0223/00197","a00Ff000003QOuEIAW","","","","","0.0","Yes"
"a0FFf000000CygkMAC","005Ff000001F2fFIAS","false","a0FFf000000Cygk","2023-05-22T13:17:46.000Z","005Ff000001F2fFIAS","2023-05-22T13:17:46.000Z","005Ff000001F2fFIAS","2023-05-22T13:17:46.000Z","","","0.0","","","0.0","2015-10-21","5700.0","2015-10-21","HOU/DEL/0223/00198","a00Ff000003QOuFIAW","","","","","0.0","Yes"
"a0FFf000000CyglMAC","005Ff000001F2fFIAS","false","a0FFf000000Cygl","2023-05-22T13:17:46.000Z","005Ff000001F2fFIAS","2023-05-22T13:17:46.000Z","005Ff000001F2fFIAS","2023-05-22T13:17:46.000Z","","","0.0","","","0.0","2019-07-15","1511174.0","2019-07-15","HOU/DEL/0223/00212","a00Ff000003QOuTIAW","","","","Monthly","0.0","Yes"
"a0FFf000000CygmMAC","005Ff000001F2fFIAS","false","a0FFf000000Cygm","2023-05-22T13:17:46.000Z","005Ff000001F2fFIAS","2023-05-22T13:17:46.000Z","005Ff000001F2fFIAS","2023-05-22T13:17:46.000Z","","","0.0","","","0.0","2023-04-10","11764.0","2023-04-10","HOU/DEL/0223/00061","a00Ff000003QSOxIAO","2023-05-10","0.0","0.0","Monthly","0.0","Yes"
"a0FFf000000CygnMAC","005Ff000001F2fFIAS","false","a0FFf000000Cygn","2023-05-22T13:17:46.000Z","005Ff000001F2fFIAS","2023-05-22T13:17:46.000Z","005Ff000001F2fFIAS","2023-05-22T13:17:46.000Z","","","0.0","","","0.0","2016-12-16","597000.0","2016-12-16","HOU/DEL/0223/00214","a00Ff000003QOuVIAW","","0.0","0.0","Monthly","0.0","Yes"
"a0FFf000000CygoMAC","005Ff000001F2fFIAS","false","a0FFf000000Cygo","2023-05-22T13:17:46.000Z","005Ff000001F2fFIAS","2023-05-22T13:17:46.000Z","005Ff000001F2fFIAS","2023-05-22T13:17:46.000Z","","","0.0","","","0.0","2015-11-17","5700.0","2015-11-17","HOU/DEL/0223/00604","a00Ff000003QPKtIAO","","","","","0.0","Yes"
"a0FFf000000CygpMAC","005Ff000001F2fFIAS","false","a0FFf000000Cygp","2023-05-22T13:17:46.000Z","005Ff000001F2fFIAS","2023-05-22T13:17:46.000Z","005Ff000001F2fFIAS","2023-05-22T13:17:46.000Z","","","0.0","","","0.0","2017-12-04","0.0","2017-12-04","HOU/DEL/0223/00210","a00Ff000003QOuRIAW","","","","Monthly","0.0","Yes"
"a0FFf000000CygqMAC","005Ff000001F2fFIAS","false","a0FFf000000Cygq","2023-05-22T13:17:46.000Z","005Ff000001F2fFIAS","2023-05-22T13:17:46.000Z","005Ff000001F2fFIAS","2023-05-22T13:17:46.000Z","","","0.0","","","0.0","2015-11-13","3420.0","2015-11-13","HOU/DEL/0223/00216","a00Ff000003QOuXIAW","","","","","0.0","Yes"
"a0FFf000000CygrMAC","005Ff000001F2fFIAS","false","a0FFf000000Cygr","2023-05-22T13:17:46.000Z","005Ff000001F2fFIAS","2023-05-22T13:17:46.000Z","005Ff000001F2fFIAS","2023-05-22T13:17:46.000Z","","","0.0","","","0.0","2018-12-06","0.0","2018-12-06","HOU/DEL/0223/00206","a00Ff000003QOuNIAW","","","","Monthly","0.0","Yes"
"a0FFf000000CygsMAC","005Ff000001F2fFIAS","false","a0FFf000000Cygs","2023-05-22T13:17:46.000Z","005Ff000001F2fFIAS","2023-05-22T13:17:46.000Z","005Ff000001F2fFIAS","2023-05-22T13:17:46.000Z","","","0.0","","","0.0","2019-03-29","87262.0","2019-03-29","HOU/DEL/0223/00204","a00Ff000003QOuLIAW","","","","Monthly","0.0","Yes"
"a0FFf000000CygtMAC","005Ff000001F2fFIAS","false","a0FFf000000Cygt","2023-05-22T13:17:46.000Z","005Ff000001F2fFIAS","2023-05-22T13:17:46.000Z","005Ff000001F2fFIAS","2023-05-22T13:17:46.000Z","","","0.0","","","0.0","2017-06-08","411750.0","2017-06-08","HOU/DEL/0223/00200","a00Ff000003QOuHIAW","","","","Monthly","0.0","Yes"
"a0FFf000000CyguMAC","005Ff000001F2fFIAS","false","a0FFf000000Cygu","2023-05-22T13:17:46.000Z","005Ff000001F2fFIAS","2023-05-22T13:17:46.000Z","005Ff000001F2fFIAS","2023-05-22T13:17:46.000Z","","","0.0","","","0.0","2015-10-21","3420.0","2015-10-21","HOU/DEL/0223/00196","a00Ff000003QOuDIAW","","","","","0.0","Yes"
"a0FFf000000CygvMAC","005Ff000001F2fFIAS","false","a0FFf000000Cygv","2023-05-22T13:17:46.000Z","005Ff000001F2fFIAS","2023-05-22T13:17:46.000Z","005Ff000001F2fFIAS","2023-05-22T13:17:46.000Z","","","0.0","","","0.0","2015-11-16","5700.0","2015-11-16","HOU/DEL/0223/00211","a00Ff000003QOuSIAW","","","","","0.0","Yes"
"a0FFf000000CygwMAC","005Ff000001F2fFIAS","false","a0FFf000000Cygw","2023-05-22T13:17:46.000Z","005Ff000001F2fFIAS","2023-05-22T13:17:46.000Z","005Ff000001F2fFIAS","2023-05-22T13:17:46.000Z","","","0.0","","","0.0","2018-02-12","88752.0","2018-02-12","HOU/DEL/0223/00208","a00Ff000003QOuPIAW","","","","Monthly","0.0","Yes"
"a0FFf000000CygxMAC","005Ff000001F2fFIAS","false","a0FFf000000Cygx","2023-05-22T13:17:46.000Z","005Ff000001F2fFIAS","2023-05-22T13:17:46.000Z","005Ff000001F2fFIAS","2023-05-22T13:17:46.000Z","","","0.0","","","0.0","2015-11-04","5700.0","2015-11-04","HOU/DEL/0223/00207","a00Ff000003QOuOIAW","","","","","0.0","Yes"
"a0FFf000000CygyMAC","005Ff000001F2fFIAS","false","a0FFf000000Cygy","2023-05-22T13:17:46.000Z","005Ff000001F2fFIAS","2023-05-22T13:17:46.000Z","005Ff000001F2fFIAS","2023-05-22T13:17:46.000Z","","","0.0","","","0.0","2023-04-10","0.0","2023-04-10","HOU/DEL/0223/00060","a00Ff000003QSOwIAO","2023-05-10","0.0","0.0","Monthly","0.0","Yes"
"a0FFf000000CygzMAC","005Ff000001F2fFIAS","false","a0FFf000000Cygz","2023-05-22T13:17:46.000Z","005Ff000001F2fFIAS","2023-05-22T13:17:46.000Z","005Ff000001F2fFIAS","2023-05-22T13:17:46.000Z","","","0.0","","","0.0","2023-04-21","0.0","2023-04-21","HOU/DEL/0223/00059","a00Ff000003QSOvIAO","2023-05-10","0.0","0.0","Monthly","0.0","Yes"
"a0FFf000000Cyh0MAC","005Ff000001F2fFIAS","false","a0FFf000000Cyh0","2023-05-22T13:17:46.000Z","005Ff000001F2fFIAS","2023-05-22T13:17:46.000Z","005Ff000001F2fFIAS","2023-05-22T13:17:46.000Z","","","0.0","","","0.0","2021-02-12","0.0","2021-02-12","HOU/DEL/0223/00203","a00Ff000003QOuKIAW","","","","Monthly","0.0","Yes"
"a0FFf000000Cyh1MAC","005Ff000001F2fFIAS","false","a0FFf000000Cyh1","2023-05-22T13:17:46.000Z","005Ff000001F2fFIAS","2023-05-22T13:17:46.000Z","005Ff000001F2fFIAS","2023-05-22T13:17:46.000Z","","","0.0","","","0.0","2018-08-31","665000.0","2018-08-31","HOU/DEL/0223/00199","a00Ff000003QOuGIAW","","0.0","0.0","Monthly","0.0","Yes"
"a0FFf000000Cyh2MAC","005Ff000001F2fFIAS","false","a0FFf000000Cyh2","2023-05-22T13:17:46.000Z","005Ff000001F2fFIAS","2023-05-22T13:17:46.000Z","005Ff000001F2fFIAS","2023-05-22T13:17:46.000Z","","","0.0","","","0.0","2016-02-20","2000000.0","2016-02-20","HOU/DEL/0223/00213","a00Ff000003QOuUIAW","","","","Monthly","0.0","Yes"
"a0FFf000000Cyh3MAC","005Ff000001F2fFIAS","false","a0FFf000000Cyh3","2023-05-22T13:17:46.000Z","005Ff000001F2fFIAS","2023-05-22T13:17:46.000Z","005Ff000001F2fFIAS","2023-05-22T13:17:46.000Z","","","0.0","","","0.0","2018-06-11","895.0","2018-06-11","HOU/DEL/0223/00215","a00Ff000003QOuWIAW","","0.0","0.0","Monthly","0.0","Yes"
"a0FFf000000Cyh4MAC","005Ff000001F2fFIAS","false","a0FFf000000Cyh4","2023-05-22T13:17:46.000Z","005Ff000001F2fFIAS","2023-05-22T13:17:46.000Z","005Ff000001F2fFIAS","2023-05-22T13:17:46.000Z","","","0.0","","","0.0","2015-11-05","5700.0","2015-11-05","HOU/DEL/0223/00190","a00Ff000003QOu7IAG","","","","","0.0","Yes"
"a0FFf000000Cyh5MAC","005Ff000001F2fFIAS","false","a0FFf000000Cyh5","2023-05-22T13:17:46.000Z","005Ff000001F2fFIAS","2023-05-22T13:17:46.000Z","005Ff000001F2fFIAS","2023-05-22T13:17:46.000Z","","","0.0","","","0.0","2016-03-08","1711.0","2016-03-08","HOU/DEL/0223/00209","a00Ff000003QOuQIAW","","","","","0.0","Yes"
"a0FFf000000Cyh6MAC","005Ff000001F2fFIAS","false","a0FFf000000Cyh6","2023-05-22T13:17:46.000Z","005Ff000001F2fFIAS","2023-05-22T13:17:46.000Z","005Ff000001F2fFIAS","2023-05-22T13:17:46.000Z","","","0.0","","","0.0","2019-03-22","120.0","2019-03-22","HOU/DEL/0223/00220","a00Ff000003QSVBIA4","","","","Monthly","0.0","Yes"
"a0FFf000000Cyh7MAC","005Ff000001F2fFIAS","false","a0FFf000000Cyh7","2023-05-22T13:17:46.000Z","005Ff000001F2fFIAS","2023-05-22T13:17:46.000Z","005Ff000001F2fFIAS","2023-05-22T13:17:46.000Z","","","0.0","","","0.0","2018-01-15","0.0","2018-01-15","HOU/DEL/0223/00605","a00Ff000003QPKuIAO","","","","Monthly","0.0","Yes"
"a0FFf000000Cyh8MAC","005Ff000001F2fFIAS","false","a0FFf000000Cyh8","2023-05-22T13:17:46.000Z","005Ff000001F2fFIAS","2023-05-22T13:17:46.000Z","005Ff000001F2fFIAS","2023-05-22T13:17:46.000Z","","","0.0","","","0.0","2016-12-30","6500000.0","2016-12-30","HOU/DEL/0223/00242","a00Ff000003QSVXIA4","","","","Monthly","0.0","Yes"
"a0FFf000000Cyh9MAC","005Ff000001F2fFIAS","false","a0FFf000000Cyh9","2023-05-22T13:17:46.000Z","005Ff000001F2fFIAS","2023-05-22T13:17:46.000Z","005Ff000001F2fFIAS","2023-05-22T13:17:46.000Z","","","0.0","","","0.0","2016-10-03","5750.0","2016-10-03","HOU/DEL/0223/00272","a00Ff000003QSW1IAO","","","","","0.0","Yes"
"a0FFf000000CyhAMAS","005Ff000001F2fFIAS","false","a0FFf000000CyhA","2023-05-22T13:17:46.000Z","005Ff000001F2fFIAS","2023-05-22T13:17:46.000Z","005Ff000001F2fFIAS","2023-05-22T13:17:46.000Z","","","0.0","","","0.0","2016-10-19","11500.0","2016-10-19","HOU/DEL/0223/00624","a00Ff000003QPLDIA4","","","","","0.0","Yes"
"a0FFf000000CyhBMAS","005Ff000001F2fFIAS","false","a0FFf000000CyhB","2023-05-22T13:17:46.000Z","005Ff000001F2fFIAS","2023-05-22T13:17:46.000Z","005Ff000001F2fFIAS","2023-05-22T13:17:46.000Z","","","0.0","","","0.0","2017-12-28","985000.0","2017-12-28","HOU/DEL/0223/00222","a00Ff000003QSVDIA4","","0.0","0.0","Monthly","0.0","Yes"
"a0FFf000000CyhCMAS","005Ff000001F2fFIAS","false","a0FFf000000CyhC","2023-05-22T13:17:46.000Z","005Ff000001F2fFIAS","2023-05-22T13:17:46.000Z","005Ff000001F2fFIAS","2023-05-22T13:17:46.000Z","","","0.0","","","0.0","2017-08-23","0.0","2017-08-23","HOU/DEL/0223/00260","a00Ff000003QSVpIAO","","","","Monthly","0.0","Yes"
"a0FFf000000CyhDMAS","005Ff000001F2fFIAS","false","a0FFf000000CyhD","2023-05-22T13:17:46.000Z","005Ff000001F2fFIAS","2023-05-22T13:17:46.000Z","005Ff000001F2fFIAS","2023-05-22T13:17:46.000Z","","","0.0","","","0.0","2017-04-20","0.0","2017-04-20","HOU/DEL/0223/00618","a00Ff000003QPL7IAO","","0.0","0.0","Monthly","0.0","Yes"
"a0FFf000000CyhEMAS","005Ff000001F2fFIAS","false","a0FFf000000CyhE","2023-05-22T13:17:46.000Z","005Ff000001F2fFIAS","2023-05-22T13:17:46.000Z","005Ff000001F2fFIAS","2023-05-22T13:17:46.000Z","","","1.0","","","0.0","2023-04-10","19279.0","2023-04-10","HOU/DEL/0223/00268","a00Ff000003QSVxIAO","2023-05-10","0.0","0.0","Monthly","2.0","Yes"
"a0FFf000000CyhFMAS","005Ff000001F2fFIAS","false","a0FFf000000CyhF","2023-05-22T13:17:46.000Z","005Ff000001F2fFIAS","2023-05-22T13:17:46.000Z","005Ff000001F2fFIAS","2023-05-22T13:17:46.000Z","","","0.0","","","0.0","2016-09-24","5750.0","2016-09-24","HOU/DEL/0223/00256","a00Ff000003QSVlIAO","","","","","0.0","Yes"
"a0FFf000000CyhGMAS","005Ff000001F2fFIAS","false","a0FFf000000CyhG","2023-05-22T13:17:46.000Z","005Ff000001F2fFIAS","2023-05-22T13:17:46.000Z","005Ff000001F2fFIAS","2023-05-22T13:17:46.000Z","","","0.0","","","0.0","2023-01-18","0.0","2023-01-18","HOU/DEL/0223/00259","a00Ff000003QSVoIAO","","","","Monthly","0.0","Yes"
"a0FFf000000CyhHMAS","005Ff000001F2fFIAS","false","a0FFf000000CyhH","2023-05-22T13:17:46.000Z","005Ff000001F2fFIAS","2023-05-22T13:17:46.000Z","005Ff000001F2fFIAS","2023-05-22T13:17:46.000Z","","","1532.0","","","0.0","2023-04-10","24496.0","2023-04-10","HOU/DEL/0223/00064","a00Ff000003QSP0IAO","2023-05-10","0.0","0.0","Monthly","1802.0","Yes"
"a0FFf000000CyhIMAS","005Ff000001F2fFIAS","false","a0FFf000000CyhI","2023-05-22T13:17:46.000Z","005Ff000001F2fFIAS","2023-05-22T13:17:46.000Z","005Ff000001F2fFIAS","2023-05-22T13:17:46.000Z","","","0.0","","","0.0","2023-04-10","25613.0","2023-04-10","HOU/DEL/0223/00614","a00Ff000003QPL3IAO","2023-05-10","0.0","0.0","Monthly","0.0","Yes"
"a0FFf000000CyhJMAS","005Ff000001F2fFIAS","false","a0FFf000000CyhJ","2023-05-22T13:17:46.000Z","005Ff000001F2fFIAS","2023-05-22T13:17:46.000Z","005Ff000001F2fFIAS","2023-05-22T13:17:46.000Z","","","0.0","","","0.0","2017-10-06","0.0","2017-10-06","HOU/DEL/0223/00263","a00Ff000003QSVsIAO","","","","Monthly","0.0","Yes"
"a0FFf000000CyhKMAS","005Ff000001F2fFIAS","false","a0FFf000000CyhK","2023-05-22T13:17:46.000Z","005Ff000001F2fFIAS","2023-05-22T13:17:46.000Z","005Ff000001F2fFIAS","2023-05-22T13:17:46.000Z","","","0.0","","","0.0","2019-12-02","2633086.0","2019-12-02","HOU/DEL/0223/00218","a00Ff000003QOuZIAW","","0.0","0.0","Monthly","0.0","Yes"
"a0FFf000000CyhLMAS","005Ff000001F2fFIAS","false","a0FFf000000CyhL","2023-05-22T13:17:46.000Z","005Ff000001F2fFIAS","2023-05-22T13:17:46.000Z","005Ff000001F2fFIAS","2023-05-22T13:17:46.000Z","","","0.0","","","0.0","2020-08-26","0.0","2020-08-26","HOU/DEL/0223/00269","a00Ff000003QSVyIAO","","","","Monthly","0.0","Yes"
"a0FFf000000CyhMMAS","005Ff000001F2fFIAS","false","a0FFf000000CyhM","2023-05-22T13:17:46.000Z","005Ff000001F2fFIAS","2023-05-22T13:17:46.000Z","005Ff000001F2fFIAS","2023-05-22T13:17:46.000Z","","","0.0","","","0.0","2016-10-04","2876.0","2016-10-04","HOU/DEL/0223/00267","a00Ff000003QSVwIAO","","","","","0.0","Yes"
"a0FFf000000CyhNMAS","005Ff000001F2fFIAS","false","a0FFf000000CyhN","2023-05-22T13:17:46.000Z","005Ff000001F2fFIAS","2023-05-22T13:17:46.000Z","005Ff000001F2fFIAS","2023-05-22T13:17:46.000Z","","","0.0","","","0.0","2016-08-26","5750.0","2016-08-26","HOU/DEL/0223/00224","a00Ff000003QSVFIA4","","","","","0.0","Yes"
"a0FFf000000CyhOMAS","005Ff000001F2fFIAS","false","a0FFf000000CyhO","2023-05-22T13:17:46.000Z","005Ff000001F2fFIAS","2023-05-22T13:17:46.000Z","005Ff000001F2fFIAS","2023-05-22T13:17:46.000Z","","","71953.24","","","57154.0","2023-04-28","34924.0","2023-04-28","HOU/DEL/0223/00619","a00Ff000003QPL8IAO","2023-05-10","2.0","0.0","Monthly","136820.24","Yes"
"a0FFf000000CyhPMAS","005Ff000001F2fFIAS","false","a0FFf000000CyhP","2023-05-22T13:17:46.000Z","005Ff000001F2fFIAS","2023-05-22T13:17:46.000Z","005Ff000001F2fFIAS","2023-05-22T13:17:46.000Z","","","2683.06","","","0.0","2023-04-10","12643.0","2023-04-10","HOU/DEL/0223/00068","a00Ff000003QSP4IAO","2023-05-10","0.0","0.0","Monthly","3166.06","Yes"
"a0FFf000000CyhQMAS","005Ff000001F2fFIAS","false","a0FFf000000CyhQ","2023-05-22T13:17:46.000Z","005Ff000001F2fFIAS","2023-05-22T13:17:46.000Z","005Ff000001F2fFIAS","2023-05-22T13:17:46.000Z","","","0.0","","","0.0","2016-09-21","5750.0","2016-09-21","HOU/DEL/0223/00241","a00Ff000003QSVWIA4","","","","","0.0","Yes"
"a0FFf000000CyhRMAS","005Ff000001F2fFIAS","false","a0FFf000000CyhR","2023-05-22T13:17:46.000Z","005Ff000001F2fFIAS","2023-05-22T13:17:46.000Z","005Ff000001F2fFIAS","2023-05-22T13:17:46.000Z","","","0.0","","","0.0","2021-10-04","842175.0","2021-10-04","HOU/DEL/0223/00270","a00Ff000003QSVzIAO","","0.0","0.0","Monthly","0.0","Yes"
"a0FFf000000CyhSMAS","005Ff000001F2fFIAS","false","a0FFf000000CyhS","2023-05-22T13:17:46.000Z","005Ff000001F2fFIAS","2023-05-22T13:17:46.000Z","005Ff000001F2fFIAS","2023-05-22T13:17:46.000Z","","","0.0","","","0.0","2019-10-10","1275.0","2019-10-10","HOU/DEL/0223/00226","a00Ff000003QSVHIA4","","","","Monthly","0.0","Yes"
"a0FFf000000CyhTMAS","005Ff000001F2fFIAS","false","a0FFf000000CyhT","2023-05-22T13:17:46.000Z","005Ff000001F2fFIAS","2023-05-22T13:17:46.000Z","005Ff000001F2fFIAS","2023-05-22T13:17:46.000Z","","","0.0","","","0.0","2016-08-22","5750.0","2016-08-22","HOU/DEL/0223/00221","a00Ff000003QSVCIA4","","","","","0.0","Yes"
"a0FFf000000CyhUMAS","005Ff000001F2fFIAS","false","a0FFf000000CyhU","2023-05-22T13:17:46.000Z","005Ff000001F2fFIAS","2023-05-22T13:17:46.000Z","005Ff000001F2fFIAS","2023-05-22T13:17:46.000Z","","","0.0","","","0.0","2016-09-26","5725.0","2016-09-26","HOU/DEL/0223/00261","a00Ff000003QSVqIAO","","","","","0.0","Yes"
"a0FFf000000CyhVMAS","005Ff000001F2fFIAS","false","a0FFf000000CyhV","2023-05-22T13:17:46.000Z","005Ff000001F2fFIAS","2023-05-22T13:17:46.000Z","005Ff000001F2fFIAS","2023-05-22T13:17:46.000Z","","","0.0","","","0.0","2019-01-17","0.0","2019-01-17","HOU/DEL/0223/00223","a00Ff000003QSVEIA4","","","","Monthly","0.0","Yes"
"a0FFf000000CyhWMAS","005Ff000001F2fFIAS","false","a0FFf000000CyhW","2023-05-22T13:17:46.000Z","005Ff000001F2fFIAS","2023-05-22T13:17:46.000Z","005Ff000001F2fFIAS","2023-05-22T13:17:46.000Z","","","0.0","","","0.0","2016-09-20","5725.0","2016-09-20","HOU/DEL/0223/00244","a00Ff000003QSVZIA4","","","","","0.0","Yes"
"a0FFf000000CyhXMAS","005Ff000001F2fFIAS","false","a0FFf000000CyhX","2023-05-22T13:17:46.000Z","005Ff000001F2fFIAS","2023-05-22T13:17:46.000Z","005Ff000001F2fFIAS","2023-05-22T13:17:46.000Z","","","0.0","","","0.0","2016-10-22","3000.0","2016-10-22","HOU/DEL/0223/00630","a00Ff000003QPLJIA4","","","","","0.0","Yes"
"a0FFf000000CyhYMAS","005Ff000001F2fFIAS","false","a0FFf000000CyhY","2023-05-22T13:17:46.000Z","005Ff000001F2fFIAS","2023-05-22T13:17:46.000Z","005Ff000001F2fFIAS","2023-05-22T13:17:46.000Z","","","0.0","","","0.0","2016-08-17","5750.0","2016-08-17","HOU/DEL/0223/00609","a00Ff000003QPKyIAO","","","","","0.0","Yes"
"a0FFf000000CyhZMAS","005Ff000001F2fFIAS","false","a0FFf000000CyhZ","2023-05-22T13:17:46.000Z","005Ff000001F2fFIAS","2023-05-22T13:17:46.000Z","005Ff000001F2fFIAS","2023-05-22T13:17:46.000Z","","","0.0","","","0.0","2016-10-07","11500.0","2016-10-07","HOU/DEL/0223/00631","a00Ff000003QPLKIA4","","","","","0.0","Yes"
"a0FFf000000CyhaMAC","005Ff000001F2fFIAS","false","a0FFf000000Cyha","2023-05-22T13:17:46.000Z","005Ff000001F2fFIAS","2023-05-22T13:17:46.000Z","005Ff000001F2fFIAS","2023-05-22T13:17:46.000Z","","","0.0","","","0.0","2018-09-19","5400000.0","2018-09-19","HOU/DEL/0223/00247","a00Ff000003QSVcIAO","","","","Monthly","0.0","Yes"
"a0FFf000000CyhbMAC","005Ff000001F2fFIAS","false","a0FFf000000Cyhb","2023-05-22T13:17:46.000Z","005Ff000001F2fFIAS","2023-05-22T13:17:46.000Z","005Ff000001F2fFIAS","2023-05-22T13:17:46.000Z","","","0.0","","","0.0","2016-09-09","3450.0","2016-09-09","HOU/DEL/0223/00238","a00Ff000003QSVTIA4","","","","","0.0","Yes"
"a0FFf000000CyhcMAC","005Ff000001F2fFIAS","false","a0FFf000000Cyhc","2023-05-22T13:17:46.000Z","005Ff000001F2fFIAS","2023-05-22T13:17:46.000Z","005Ff000001F2fFIAS","2023-05-22T13:17:46.000Z","","","1500.0","","","0.0","2023-04-10","0.0","2023-04-10","HOU/DEL/0223/00067","a00Ff000003QSP3IAO","2023-05-10","0.0","0.0","Monthly","1770.0","Yes"
"a0FFf000000CyhdMAC","005Ff000001F2fFIAS","false","a0FFf000000Cyhd","2023-05-22T13:17:46.000Z","005Ff000001F2fFIAS","2023-05-22T13:17:46.000Z","005Ff000001F2fFIAS","2023-05-22T13:17:46.000Z","","","0.0","","","0.0","2019-11-21","0.0","2019-11-21","HOU/DEL/0223/00623","a00Ff000003QPLCIA4","","","","Monthly","0.0","Yes"
"a0FFf000000CyheMAC","005Ff000001F2fFIAS","false","a0FFf000000Cyhe","2023-05-22T13:17:46.000Z","005Ff000001F2fFIAS","2023-05-22T13:17:46.000Z","005Ff000001F2fFIAS","2023-05-22T13:17:46.000Z","","","0.0","","","0.0","2023-04-10","0.0","2023-04-10","HOU/DEL/0223/00066","a00Ff000003QSP2IAO","2023-05-10","0.0","0.0","Monthly","0.0","Yes"
"a0FFf000000CyhfMAC","005Ff000001F2fFIAS","false","a0FFf000000Cyhf","2023-05-22T13:17:46.000Z","005Ff000001F2fFIAS","2023-05-22T13:17:46.000Z","005Ff000001F2fFIAS","2023-05-22T13:17:46.000Z","","","0.0","","","0.0","2020-06-12","1.537352543E7","2020-06-12","HOU/DEL/0223/00235","a00Ff000003QSVQIA4","","","","Monthly","0.0","Yes"
"a0FFf000000CyhgMAC","005Ff000001F2fFIAS","false","a0FFf000000Cyhg","2023-05-22T13:17:46.000Z","005Ff000001F2fFIAS","2023-05-22T13:17:46.000Z","005Ff000001F2fFIAS","2023-05-22T13:17:46.000Z","","","0.0","","","0.0","2016-10-25","4000.0","2016-10-25","HOU/DEL/0223/00262","a00Ff000003QSVrIAO","","","","","0.0","Yes"
"a0FFf000000CyhhMAC","005Ff000001F2fFIAS","false","a0FFf000000Cyhh","2023-05-22T13:17:46.000Z","005Ff000001F2fFIAS","2023-05-22T13:17:46.000Z","005Ff000001F2fFIAS","2023-05-22T13:17:46.000Z","","","0.0","","","0.0","2023-04-10","0.0","2023-04-10","HOU/DEL/0223/00257","a00Ff000003QSVmIAO","2023-05-10","0.0","0.0","Monthly","0.0","Yes"
"a0FFf000000CyhiMAC","005Ff000001F2fFIAS","false","a0FFf000000Cyhi","2023-05-22T13:17:46.000Z","005Ff000001F2fFIAS","2023-05-22T13:17:46.000Z","005Ff000001F2fFIAS","2023-05-22T13:17:46.000Z","","","0.0","","","0.0","2021-03-20","1736512.0","2021-03-20","HOU/DEL/0223/00249","a00Ff000003QSVeIAO","","0.0","0.0","Monthly","0.0","Yes"
"a0FFf000000CyhjMAC","005Ff000001F2fFIAS","false","a0FFf000000Cyhj","2023-05-22T13:17:46.000Z","005Ff000001F2fFIAS","2023-05-22T13:17:46.000Z","005Ff000001F2fFIAS","2023-05-22T13:17:46.000Z","","","0.0","","","0.0","2021-03-23","0.0","2021-03-23","HOU/DEL/0223/00225","a00Ff000003QSVGIA4","","","","Monthly","0.0","Yes"
"a0FFf000000CyhkMAC","005Ff000001F2fFIAS","false","a0FFf000000Cyhk","2023-05-22T13:17:46.000Z","005Ff000001F2fFIAS","2023-05-22T13:17:46.000Z","005Ff000001F2fFIAS","2023-05-22T13:17:46.000Z","","","0.0","","","0.0","2023-04-10","24380.0","2023-04-10","HOU/DEL/0223/00063","a00Ff000003QSOzIAO","2023-05-10","0.0","0.0","Monthly","0.0","Yes"
"a0FFf000000CyhlMAC","005Ff000001F2fFIAS","false","a0FFf000000Cyhl","2023-05-22T13:17:46.000Z","005Ff000001F2fFIAS","2023-05-22T13:17:46.000Z","005Ff000001F2fFIAS","2023-05-22T13:17:46.000Z","","","0.0","","","0.0","2016-09-09","5700.0","2016-09-09","HOU/DEL/0223/00237","a00Ff000003QSVSIA4","","","","","0.0","Yes"
"a0FFf000000CyhmMAC","005Ff000001F2fFIAS","false","a0FFf000000Cyhm","2023-05-22T13:17:46.000Z","005Ff000001F2fFIAS","2023-05-22T13:17:46.000Z","005Ff000001F2fFIAS","2023-05-22T13:17:46.000Z","","","0.0","","","0.0","2018-08-08","0.0","2018-08-08","HOU/DEL/0223/00612","a00Ff000003QPL1IAO","","","","Monthly","0.0","Yes"
"a0FFf000000CyhnMAC","005Ff000001F2fFIAS","false","a0FFf000000Cyhn","2023-05-22T13:17:46.000Z","005Ff000001F2fFIAS","2023-05-22T13:17:46.000Z","005Ff000001F2fFIAS","2023-05-22T13:17:46.000Z","","","279465.0","","","0.0","2021-11-24","0.0","2021-11-24","HOU/DEL/0223/00069","a00Ff000003QSP5IAO","","0.0","0.0","Monthly","299219.0","Yes"
"a0FFf000000CyhoMAC","005Ff000001F2fFIAS","false","a0FFf000000Cyho","2023-05-22T13:17:46.000Z","005Ff000001F2fFIAS","2023-05-22T13:17:46.000Z","005Ff000001F2fFIAS","2023-05-22T13:17:46.000Z","","","0.0","","","0.0","2018-07-12","0.0","2018-07-12","HOU/DEL/0223/00243","a00Ff000003QSVYIA4","","","","Monthly","0.0","Yes"
"a0FFf000000CyhpMAC","005Ff000001F2fFIAS","false","a0FFf000000Cyhp","2023-05-22T13:17:46.000Z","005Ff000001F2fFIAS","2023-05-22T13:17:46.000Z","005Ff000001F2fFIAS","2023-05-22T13:17:46.000Z","","","0.0","","","0.0","2017-11-13","3500000.0","2017-11-13","HOU/DEL/0223/00246","a00Ff000003QSVbIAO","","","","Monthly","0.0","Yes"
"a0FFf000000CyhqMAC","005Ff000001F2fFIAS","false","a0FFf000000Cyhq","2023-05-22T13:17:46.000Z","005Ff000001F2fFIAS","2023-05-22T13:17:46.000Z","005Ff000001F2fFIAS","2023-05-22T13:17:46.000Z","","","2250.0","","","0.0","2023-04-10","28350.0","2023-04-10","HOU/DEL/0223/00613","a00Ff000003QPL2IAO","2023-05-10","0.0","0.0","Monthly","2655.0","Yes"
"a0FFf000000CyhrMAC","005Ff000001F2fFIAS","false","a0FFf000000Cyhr","2023-05-22T13:17:46.000Z","005Ff000001F2fFIAS","2023-05-22T13:17:46.000Z","005Ff000001F2fFIAS","2023-05-22T13:17:46.000Z","","","0.0","","","0.0","2016-11-15","2300.0","2016-11-15","HOU/DEL/0223/00271","a00Ff000003QSW0IAO","","","","","0.0","Yes"
"a0FFf000000CyhsMAC","005Ff000001F2fFIAS","false","a0FFf000000Cyhs","2023-05-22T13:17:46.000Z","005Ff000001F2fFIAS","2023-05-22T13:17:46.000Z","005Ff000001F2fFIAS","2023-05-22T13:17:46.000Z","","","0.0","","","0.0","","","","HOU/DEL/0223/00253","a00Ff000003QSViIAO","","","","","0.0","Yes"
"a0FFf000000CyhtMAC","005Ff000001F2fFIAS","false","a0FFf000000Cyht","2023-05-22T13:17:46.000Z","005Ff000001F2fFIAS","2023-05-22T13:17:46.000Z","005Ff000001F2fFIAS","2023-05-22T13:17:46.000Z","","","46421.12","","","21377.0","2023-04-10","21892.0","2023-04-10","HOU/DEL/0223/00632","a00Ff000003QPLLIA4","2023-05-10","1.0","515.0","Monthly","73587.12","Yes"
"a0FFf000000CyhuMAC","005Ff000001F2fFIAS","false","a0FFf000000Cyhu","2023-05-22T13:17:46.000Z","005Ff000001F2fFIAS","2023-05-22T13:17:46.000Z","005Ff000001F2fFIAS","2023-05-22T13:17:46.000Z","","","1250.0","","","0.0","2022-01-24","0.0","2022-01-24","HOU/DEL/0223/00620","a00Ff000003QPL9IAO","","","","Monthly","1475.0","Yes"
"a0FFf000000CyhvMAC","005Ff000001F2fFIAS","false","a0FFf000000Cyhv","2023-05-22T13:17:46.000Z","005Ff000001F2fFIAS","2023-05-22T13:17:46.000Z","005Ff000001F2fFIAS","2023-05-22T13:17:46.000Z","","","0.0","","","0.0","2016-09-15","5750.0","2016-09-15","HOU/DEL/0223/00227","a00Ff000003QSVIIA4","","","","","0.0","Yes"
"a0FFf000000CyhwMAC","005Ff000001F2fFIAS","false","a0FFf000000Cyhw","2023-05-22T13:17:46.000Z","005Ff000001F2fFIAS","2023-05-22T13:17:46.000Z","005Ff000001F2fFIAS","2023-05-22T13:17:46.000Z","","","0.0","","","0.0","2016-09-13","3500.0","2016-09-13","HOU/DEL/0223/00236","a00Ff000003QSVRIA4","","","","","0.0","Yes"
"a0FFf000000CyhxMAC","005Ff000001F2fFIAS","false","a0FFf000000Cyhx","2023-05-22T13:17:46.000Z","005Ff000001F2fFIAS","2023-05-22T13:17:46.000Z","005Ff000001F2fFIAS","2023-05-22T13:17:46.000Z","","","0.0","","","0.0","2016-10-10","5750.0","2016-10-10","HOU/DEL/0223/00621","a00Ff000003QPLAIA4","","","","","0.0","Yes"
"a0FFf000000CyhyMAC","005Ff000001F2fFIAS","false","a0FFf000000Cyhy","2023-05-22T13:17:46.000Z","005Ff000001F2fFIAS","2023-05-22T13:17:46.000Z","005Ff000001F2fFIAS","2023-05-22T13:17:46.000Z","","","0.0","","","0.0","2016-09-16","11500.0","2016-09-16","HOU/DEL/0223/00230","a00Ff000003QSVLIA4","","","","","0.0","Yes"
"a0FFf000000CyhzMAC","005Ff000001F2fFIAS","false","a0FFf000000Cyhz","2023-05-22T13:17:46.000Z","005Ff000001F2fFIAS","2023-05-22T13:17:46.000Z","005Ff000001F2fFIAS","2023-05-22T13:17:46.000Z","","","0.0","","","0.0","2016-09-15","5750.0","2016-09-15","HOU/DEL/0223/00233","a00Ff000003QSVOIA4","","","","","0.0","Yes"
"a0FFf000000Cyi0MAC","005Ff000001F2fFIAS","false","a0FFf000000Cyi0","2023-05-22T13:17:46.000Z","005Ff000001F2fFIAS","2023-05-22T13:17:46.000Z","005Ff000001F2fFIAS","2023-05-22T13:17:46.000Z","","","0.0","","","0.0","2016-08-27","11500.0","2016-08-27","HOU/DEL/0223/00611","a00Ff000003QPL0IAO","","","","","0.0","Yes"
"a0FFf000000Cyi1MAC","005Ff000001F2fFIAS","false","a0FFf000000Cyi1","2023-05-22T13:17:46.000Z","005Ff000001F2fFIAS","2023-05-22T13:17:46.000Z","005Ff000001F2fFIAS","2023-05-22T13:17:46.000Z","","","0.0","","","0.0","2023-04-10","2270.0","2023-04-10","HOU/DEL/0223/00070","a00Ff000003QSP6IAO","2023-05-10","0.0","0.0","Monthly","0.0","Yes"
"a0FFf000000Cyi2MAC","005Ff000001F2fFIAS","false","a0FFf000000Cyi2","2023-05-22T13:17:46.000Z","005Ff000001F2fFIAS","2023-05-22T13:17:46.000Z","005Ff000001F2fFIAS","2023-05-22T13:17:46.000Z","","","0.0","","","0.0","2019-03-01","458650.0","2019-03-01","HOU/DEL/0223/00245","a00Ff000003QSVaIAO","","","","Monthly","0.0","Yes"
"a0FFf000000Cyi3MAC","005Ff000001F2fFIAS","false","a0FFf000000Cyi3","2023-05-22T13:17:46.000Z","005Ff000001F2fFIAS","2023-05-22T13:17:46.000Z","005Ff000001F2fFIAS","2023-05-22T13:17:46.000Z","","","0.0","","","0.0","2023-04-27","0.0","2023-04-27","HOU/DEL/0223/00606","a00Ff000003QPKvIAO","2023-05-10","0.0","0.0","Monthly","0.0","Yes"
"a0FFf000000Cyi4MAC","005Ff000001F2fFIAS","false","a0FFf000000Cyi4","2023-05-22T13:17:46.000Z","005Ff000001F2fFIAS","2023-05-22T13:17:46.000Z","005Ff000001F2fFIAS","2023-05-22T13:17:46.000Z","","","0.0","","","0.0","2016-08-11","3450.0","2016-08-11","HOU/DEL/0223/00608","a00Ff000003QPKxIAO","","","","","0.0","Yes"
"a0FFf000000Cyi5MAC","005Ff000001F2fFIAS","false","a0FFf000000Cyi5","2023-05-22T13:17:46.000Z","005Ff000001F2fFIAS","2023-05-22T13:17:46.000Z","005Ff000001F2fFIAS","2023-05-22T13:17:46.000Z","","","3042.0","","","0.0","2017-12-27","3450.0","2017-12-27","HOU/DEL/0223/00628","a00Ff000003QPLHIA4","","","","","0.0","Yes"
"a0FFf000000Cyi6MAC","005Ff000001F2fFIAS","false","a0FFf000000Cyi6","2023-05-22T13:17:46.000Z","005Ff000001F2fFIAS","2023-05-22T13:17:46.000Z","005Ff000001F2fFIAS","2023-05-22T13:17:46.000Z","","","0.0","","","0.0","2021-08-05","0.0","2021-08-05","HOU/DEL/0223/00217","a00Ff000003QOuYIAW","","","","Monthly","0.0","Yes"
"a0FFf000000Cyi7MAC","005Ff000001F2fFIAS","false","a0FFf000000Cyi7","2023-05-22T13:17:46.000Z","005Ff000001F2fFIAS","2023-05-22T13:17:46.000Z","005Ff000001F2fFIAS","2023-05-22T13:17:46.000Z","","","0.0","","","0.0","2016-09-30","1000.0","2016-09-30","HOU/DEL/0223/00264","a00Ff000003QSVtIAO","","","","","0.0","Yes"
"a0FFf000000Cyi8MAC","005Ff000001F2fFIAS","false","a0FFf000000Cyi8","2023-05-22T13:17:46.000Z","005Ff000001F2fFIAS","2023-05-22T13:17:46.000Z","005Ff000001F2fFIAS","2023-05-22T13:17:46.000Z","","","1450.0","","","0.0","2023-04-10","0.0","2023-04-10","HOU/DEL/0223/00062","a00Ff000003QSOyIAO","2023-05-10","0.0","0.0","Monthly","1711.0","Yes"
"a0FFf000000Cyi9MAC","005Ff000001F2fFIAS","false","a0FFf000000Cyi9","2023-05-22T13:17:46.000Z","005Ff000001F2fFIAS","2023-05-22T13:17:46.000Z","005Ff000001F2fFIAS","2023-05-22T13:17:46.000Z","","","0.0","","","0.0","2017-09-15","0.0","2017-09-15","HOU/DEL/0223/00228","a00Ff000003QSVJIA4","","","","Monthly","0.0","Yes"
"a0FFf000000CyiAMAS","005Ff000001F2fFIAS","false","a0FFf000000CyiA","2023-05-22T13:17:46.000Z","005Ff000001F2fFIAS","2023-05-22T13:17:46.000Z","005Ff000001F2fFIAS","2023-05-22T13:17:46.000Z","","","0.0","","","0.0","2016-11-28","0.0","2016-11-28","HOU/DEL/0223/00610","a00Ff000003QPKzIAO","","","","Monthly","0.0","Yes"
"a0FFf000000CyiBMAS","005Ff000001F2fFIAS","false","a0FFf000000CyiB","2023-05-22T13:17:46.000Z","005Ff000001F2fFIAS","2023-05-22T13:17:46.000Z","005Ff000001F2fFIAS","2023-05-22T13:17:46.000Z","","","82014.69","","","38203.15","2023-04-28","19880.0","2023-04-28","HOU/DEL/0223/00255","a00Ff000003QSVkIAO","2023-05-10","2.0","1196.73","Monthly","131899.57","Yes"
"a0FFf000000CyiCMAS","005Ff000001F2fFIAS","false","a0FFf000000CyiC","2023-05-22T13:17:46.000Z","005Ff000001F2fFIAS","2023-05-22T13:17:46.000Z","005Ff000001F2fFIAS","2023-05-22T13:17:46.000Z","","","0.0","","","0.0","2019-12-31","1678408.0","2019-12-31","HOU/DEL/0223/00231","a00Ff000003QSVMIA4","","0.0","0.0","Monthly","0.0","Yes"
"a0FFf000000CyiDMAS","005Ff000001F2fFIAS","false","a0FFf000000CyiD","2023-05-22T13:17:46.000Z","005Ff000001F2fFIAS","2023-05-22T13:17:46.000Z","005Ff000001F2fFIAS","2023-05-22T13:17:46.000Z","","","0.0","","","0.0","2016-08-12","5750.0","2016-08-12","HOU/DEL/0223/00607","a00Ff000003QPKwIAO","","","","","0.0","Yes"
"a0FFf000000CyiEMAS","005Ff000001F2fFIAS","false","a0FFf000000CyiE","2023-05-22T13:17:46.000Z","005Ff000001F2fFIAS","2023-05-22T13:17:46.000Z","005Ff000001F2fFIAS","2023-05-22T13:17:46.000Z","","","0.0","","","0.0","2023-04-10","1951.0","2023-04-10","HOU/DEL/0223/00071","a00Ff000003QSP7IAO","2023-05-10","0.0","0.0","Monthly","0.0","Yes"
"a0FFf000000CyiFMAS","005Ff000001F2fFIAS","false","a0FFf000000CyiF","2023-05-22T13:17:46.000Z","005Ff000001F2fFIAS","2023-05-22T13:17:46.000Z","005Ff000001F2fFIAS","2023-05-22T13:17:46.000Z","","","1000.0","","","0.0","2023-04-10","16933.0","2023-04-10","HOU/DEL/0223/00629","a00Ff000003QPLIIA4","2023-05-10","0.0","0.0","Monthly","1180.0","Yes"
"a0FFf000000CyiGMAS","005Ff000001F2fFIAS","false","a0FFf000000CyiG","2023-05-22T13:17:46.000Z","005Ff000001F2fFIAS","2023-05-22T13:17:46.000Z","005Ff000001F2fFIAS","2023-05-22T13:17:46.000Z","","","0.0","","","0.0","2016-10-04","5750.0","2016-10-04","HOU/DEL/0223/00625","a00Ff000003QPLEIA4","","","","","0.0","Yes"
"a0FFf000000CyiHMAS","005Ff000001F2fFIAS","false","a0FFf000000CyiH","2023-05-22T13:17:46.000Z","005Ff000001F2fFIAS","2023-05-22T13:17:46.000Z","005Ff000001F2fFIAS","2023-05-22T13:17:46.000Z","","","0.0","","","0.0","2020-12-02","2499500.0","2020-12-02","HOU/DEL/0223/00617","a00Ff000003QPL6IAO","","0.0","0.0","Monthly","0.0","Yes"
"a0FFf000000CyiIMAS","005Ff000001F2fFIAS","false","a0FFf000000CyiI","2023-05-22T13:17:46.000Z","005Ff000001F2fFIAS","2023-05-22T13:17:46.000Z","005Ff000001F2fFIAS","2023-05-22T13:17:46.000Z","","","0.0","","","0.0","2023-04-10","0.0","2023-04-10","HOU/DEL/0223/00615","a00Ff000003QPL4IAO","2023-05-10","0.0","0.0","Monthly","0.0","Yes"
"a0FFf000000CyiJMAS","005Ff000001F2fFIAS","false","a0FFf000000CyiJ","2023-05-22T13:17:46.000Z","005Ff000001F2fFIAS","2023-05-22T13:17:46.000Z","005Ff000001F2fFIAS","2023-05-22T13:17:46.000Z","","","0.0","","","0.0","2017-12-20","0.0","2017-12-20","HOU/DEL/0223/00248","a00Ff000003QSVdIAO","","","","Monthly","0.0","Yes"
"a0FFf000000CyiKMAS","005Ff000001F2fFIAS","false","a0FFf000000CyiK","2023-05-22T13:17:46.000Z","005Ff000001F2fFIAS","2023-05-22T13:17:46.000Z","005Ff000001F2fFIAS","2023-05-22T13:17:46.000Z","","","0.0","","","0.0","2016-09-29","5750.0","2016-09-29","HOU/DEL/0223/00622","a00Ff000003QPLBIA4","","","","","0.0","Yes"
"a0FFf000000CyiLMAS","005Ff000001F2fFIAS","false","a0FFf000000CyiL","2023-05-22T13:17:46.000Z","005Ff000001F2fFIAS","2023-05-22T13:17:46.000Z","005Ff000001F2fFIAS","2023-05-22T13:17:46.000Z","","","0.0","","","0.0","2022-04-12","0.0","2022-04-12","HOU/DEL/0223/00234","a00Ff000003QSVPIA4","","","","Monthly","0.0","Yes"
"a0FFf000000CyiMMAS","005Ff000001F2fFIAS","false","a0FFf000000CyiM","2023-05-22T13:17:46.000Z","005Ff000001F2fFIAS","2023-05-22T13:17:46.000Z","005Ff000001F2fFIAS","2023-05-22T13:17:46.000Z","","","0.0","","","0.0","2017-11-17","3435.0","2017-11-17","HOU/DEL/0223/00250","a00Ff000003QSVfIAO","","","","","0.0","Yes"
"a0FFf000000CyiNMAS","005Ff000001F2fFIAS","false","a0FFf000000CyiN","2023-05-22T13:17:46.000Z","005Ff000001F2fFIAS","2023-05-22T13:17:46.000Z","005Ff000001F2fFIAS","2023-05-22T13:17:46.000Z","","","0.0","","","0.0","2016-09-01","5750.0","2016-09-01","HOU/DEL/0223/00232","a00Ff000003QSVNIA4","","","","","0.0","Yes"
"a0FFf000000CyiOMAS","005Ff000001F2fFIAS","false","a0FFf000000CyiO","2023-05-22T13:17:46.000Z","005Ff000001F2fFIAS","2023-05-22T13:17:46.000Z","005Ff000001F2fFIAS","2023-05-22T13:17:46.000Z","","","0.0","","","0.0","2021-02-04","1070000.0","2021-02-04","HOU/DEL/0223/00240","a00Ff000003QSVVIA4","","0.0","0.0","Monthly","0.0","Yes"
"a0FFf000000CyiPMAS","005Ff000001F2fFIAS","false","a0FFf000000CyiP","2023-05-22T13:17:46.000Z","005Ff000001F2fFIAS","2023-05-22T13:17:46.000Z","005Ff000001F2fFIAS","2023-05-22T13:17:46.000Z","","","0.0","","","0.0","2023-04-10","0.0","2023-04-10","HOU/DEL/0223/00258","a00Ff000003QSVnIAO","2023-05-10","0.0","0.0","Monthly","0.0","Yes"
"a0FFf000000CyiQMAS","005Ff000001F2fFIAS","false","a0FFf000000CyiQ","2023-05-22T13:17:46.000Z","005Ff000001F2fFIAS","2023-05-22T13:17:46.000Z","005Ff000001F2fFIAS","2023-05-22T13:17:46.000Z","","","0.0","","","0.0","2023-01-23","2500000.0","2023-01-23","HOU/DEL/0223/00626","a00Ff000003QPLFIA4","","0.0","0.0","Monthly","0.0","Yes"
"a0FFf000000CyiRMAS","005Ff000001F2fFIAS","false","a0FFf000000CyiR","2023-05-22T13:17:46.000Z","005Ff000001F2fFIAS","2023-05-22T13:17:46.000Z","005Ff000001F2fFIAS","2023-05-22T13:17:46.000Z","","","0.0","","","0.0","2016-09-05","11500.0","2016-09-05","HOU/DEL/0223/00616","a00Ff000003QPL5IAO","","","","","0.0","Yes"
"a0FFf000000CyiSMAS","005Ff000001F2fFIAS","false","a0FFf000000CyiS","2023-05-22T13:17:46.000Z","005Ff000001F2fFIAS","2023-05-22T13:17:46.000Z","005Ff000001F2fFIAS","2023-05-22T13:17:46.000Z","","","0.0","","","0.0","2017-05-11","20031.0","2017-05-11","HOU/DEL/0223/00219","a00Ff000003QOuaIAG","","","","Monthly","0.0","Yes"
"a0FFf000000CyiTMAS","005Ff000001F2fFIAS","false","a0FFf000000CyiT","2023-05-22T13:17:46.000Z","005Ff000001F2fFIAS","2023-05-22T13:17:46.000Z","005Ff000001F2fFIAS","2023-05-22T13:17:46.000Z","","","0.0","","","0.0","2016-09-29","11500.0","2016-09-29","HOU/DEL/0223/00266","a00Ff000003QSVvIAO","","","","","0.0","Yes"
"a0FFf000000CyiUMAS","005Ff000001F2fFIAS","false","a0FFf000000CyiU","2023-05-22T13:17:46.000Z","005Ff000001F2fFIAS","2023-05-22T13:17:46.000Z","005Ff000001F2fFIAS","2023-05-22T13:17:46.000Z","","","0.0","","","0.0","2016-10-28","5750.0","2016-10-28","HOU/DEL/0223/00627","a00Ff000003QPLGIA4","","","","","0.0","Yes"
"a0FFf000000CyiVMAS","005Ff000001F2fFIAS","false","a0FFf000000CyiV","2023-05-22T13:17:46.000Z","005Ff000001F2fFIAS","2023-05-22T13:17:46.000Z","005Ff000001F2fFIAS","2023-05-22T13:17:46.000Z","","","0.0","","","0.0","2016-10-03","5750.0","2016-10-03","HOU/DEL/0223/00273","a00Ff000003QSW2IAO","","","","","0.0","Yes"
"a0FFf000000CyiWMAS","005Ff000001F2fFIAS","false","a0FFf000000CyiW","2023-05-22T13:17:46.000Z","005Ff000001F2fFIAS","2023-05-22T13:17:46.000Z","005Ff000001F2fFIAS","2023-05-22T13:17:46.000Z","","","0.0","","","0.0","2016-09-07","5750.0","2016-09-07","HOU/DEL/0223/00229","a00Ff000003QSVKIA4","","","","","0.0","Yes"
"a0FFf000000CyiXMAS","005Ff000001F2fFIAS","false","a0FFf000000CyiX","2023-05-22T13:17:46.000Z","005Ff000001F2fFIAS","2023-05-22T13:17:46.000Z","005Ff000001F2fFIAS","2023-05-22T13:17:46.000Z","","","0.0","","","0.0","2019-02-13","63972.0","2019-02-13","HOU/DEL/0223/00254","a00Ff000003QSVjIAO","","0.0","0.0","Monthly","0.0","Yes"
"a0FFf000000CyiYMAS","005Ff000001F2fFIAS","false","a0FFf000000CyiY","2023-05-22T13:17:46.000Z","005Ff000001F2fFIAS","2023-05-22T13:17:46.000Z","005Ff000001F2fFIAS","2023-05-22T13:17:46.000Z","","","0.0","","","0.0","2023-04-10","8944.0","2023-04-10","HOU/DEL/0223/00065","a00Ff000003QSP1IAO","2023-05-10","0.0","0.0","Monthly","0.0","Yes"
"a0FFf000000CyiZMAS","005Ff000001F2fFIAS","false","a0FFf000000CyiZ","2023-05-22T13:17:46.000Z","005Ff000001F2fFIAS","2023-05-22T13:17:46.000Z","005Ff000001F2fFIAS","2023-05-22T13:17:46.000Z","","","0.0","","","0.0","2017-10-12","2950000.0","2017-10-12","HOU/DEL/0223/00252","a00Ff000003QSVhIAO","","","","Monthly","0.0","Yes"
"a0FFf000000CyiaMAC","005Ff000001F2fFIAS","false","a0FFf000000Cyia","2023-05-22T13:17:46.000Z","005Ff000001F2fFIAS","2023-05-22T13:17:46.000Z","005Ff000001F2fFIAS","2023-05-22T13:17:46.000Z","","","0.0","","","0.0","2020-09-10","26791.0","2020-09-10","HOU/DEL/0223/00251","a00Ff000003QSVgIAO","","","","Monthly","0.0","Yes"
"a0FFf000000CyibMAC","005Ff000001F2fFIAS","false","a0FFf000000Cyib","2023-05-22T13:17:46.000Z","005Ff000001F2fFIAS","2023-05-22T13:17:46.000Z","005Ff000001F2fFIAS","2023-05-22T13:17:46.000Z","","","0.0","","","0.0","2016-09-30","5750.0","2016-09-30","HOU/DEL/0223/00265","a00Ff000003QSVuIAO","","","","","0.0","Yes"
"a0FFf000000CyicMAC","005Ff000001F2fFIAS","false","a0FFf000000Cyic","2023-05-22T13:17:46.000Z","005Ff000001F2fFIAS","2023-05-22T13:17:46.000Z","005Ff000001F2fFIAS","2023-05-22T13:17:46.000Z","","","0.0","","","0.0","2016-09-13","5750.0","2016-09-13","HOU/DEL/0223/00239","a00Ff000003QSVUIA4","","","","","0.0","Yes"
"a0FFf000000CyidMAC","005Ff000001F2fFIAS","false","a0FFf000000Cyid","2023-05-22T13:17:46.000Z","005Ff000001F2fFIAS","2023-05-22T13:17:46.000Z","005Ff000001F2fFIAS","2023-05-22T13:17:46.000Z","","","0.0","","","0.0","2021-02-10","20000.0","2021-02-10","HOU/DEL/0223/00650","a00Ff000003QPLdIAO","","","","Monthly","0.0","Yes"
"a0FFf000000CyieMAC","005Ff000001F2fFIAS","false","a0FFf000000Cyie","2023-05-22T13:17:46.000Z","005Ff000001F2fFIAS","2023-05-22T13:17:46.000Z","005Ff000001F2fFIAS","2023-05-22T13:17:46.000Z","","","0.0","","","0.0","2017-02-22","5750.0","2017-02-22","HOU/DEL/0223/00638","a00Ff000003QPLRIA4","","","","","0.0","Yes"
"a0FFf000000CyifMAC","005Ff000001F2fFIAS","false","a0FFf000000Cyif","2023-05-22T13:17:46.000Z","005Ff000001F2fFIAS","2023-05-22T13:17:46.000Z","005Ff000001F2fFIAS","2023-05-22T13:17:46.000Z","","","0.0","","","0.0","2023-04-10","0.0","2023-04-10","HOU/DEL/0223/00647","a00Ff000003QPLaIAO","2023-05-10","0.0","0.0","Monthly","0.0","Yes"
"a0FFf000000CyigMAC","005Ff000001F2fFIAS","false","a0FFf000000Cyig","2023-05-22T13:17:46.000Z","005Ff000001F2fFIAS","2023-05-22T13:17:46.000Z","005Ff000001F2fFIAS","2023-05-22T13:17:46.000Z","","","0.0","","","0.0","2021-04-09","0.0","2021-04-09","HOU/DEL/0223/00644","a00Ff000003QPLXIA4","","0.0","0.0","Monthly","0.0","Yes"
"a0FFf000000CyihMAC","005Ff000001F2fFIAS","false","a0FFf000000Cyih","2023-05-22T13:17:46.000Z","005Ff000001F2fFIAS","2023-05-22T13:17:46.000Z","005Ff000001F2fFIAS","2023-05-22T13:17:46.000Z","","","0.0","","","0.0","2023-04-17","0.0","2023-04-17","HOU/DEL/0223/00643","a00Ff000003QPLWIA4","","","","Monthly","0.0","Yes"
"a0FFf000000CyiiMAC","005Ff000001F2fFIAS","false","a0FFf000000Cyii","2023-05-22T13:17:46.000Z","005Ff000001F2fFIAS","2023-05-22T13:17:46.000Z","005Ff000001F2fFIAS","2023-05-22T13:17:46.000Z","","","0.0","","","0.0","2017-03-06","11500.0","2017-03-06","HOU/DEL/0223/00642","a00Ff000003QPLVIA4","","","","","0.0","Yes"
"a0FFf000000CyijMAC","005Ff000001F2fFIAS","false","a0FFf000000Cyij","2023-05-22T13:17:46.000Z","005Ff000001F2fFIAS","2023-05-22T13:17:46.000Z","005Ff000001F2fFIAS","2023-05-22T13:17:46.000Z","","","0.0","","","0.0","2020-03-27","0.0","2020-03-27","HOU/DEL/0223/00651","a00Ff000003QPLeIAO","","","","Monthly","0.0","Yes"
"a0FFf000000CyikMAC","005Ff000001F2fFIAS","false","a0FFf000000Cyik","2023-05-22T13:17:46.000Z","005Ff000001F2fFIAS","2023-05-22T13:17:46.000Z","005Ff000001F2fFIAS","2023-05-22T13:17:46.000Z","","","0.0","","","0.0","2019-07-17","0.0","2019-07-17","HOU/DEL/0223/00649","a00Ff000003QPLcIAO","","","","Monthly","0.0","Yes"
"a0FFf000000CyilMAC","005Ff000001F2fFIAS","false","a0FFf000000Cyil","2023-05-22T13:17:46.000Z","005Ff000001F2fFIAS","2023-05-22T13:17:46.000Z","005Ff000001F2fFIAS","2023-05-22T13:17:46.000Z","","","0.0","","","0.0","2017-03-06","11500.0","2017-03-06","HOU/DEL/0223/00639","a00Ff000003QPLSIA4","","","","","0.0","Yes"
"a0FFf000000CyimMAC","005Ff000001F2fFIAS","false","a0FFf000000Cyim","2023-05-22T13:17:46.000Z","005Ff000001F2fFIAS","2023-05-22T13:17:46.000Z","005Ff000001F2fFIAS","2023-05-22T13:17:46.000Z","","","0.0","","","0.0","","","","HOU/DEL/0223/00641","a00Ff000003QPLUIA4","","","","","0.0","Yes"
"a0FFf000000CyinMAC","005Ff000001F2fFIAS","false","a0FFf000000Cyin","2023-05-22T13:17:46.000Z","005Ff000001F2fFIAS","2023-05-22T13:17:46.000Z","005Ff000001F2fFIAS","2023-05-22T13:17:46.000Z","","","0.0","","","0.0","2022-02-10","0.0","2022-02-10","HOU/DEL/0223/00634","a00Ff000003QPLNIA4","","","","Monthly","0.0","Yes"
"a0FFf000000CyioMAC","005Ff000001F2fFIAS","false","a0FFf000000Cyio","2023-05-22T13:17:46.000Z","005Ff000001F2fFIAS","2023-05-22T13:17:46.000Z","005Ff000001F2fFIAS","2023-05-22T13:17:46.000Z","","","0.0","","","0.0","2017-03-15","5750.0","2017-03-15","HOU/DEL/0223/00645","a00Ff000003QPLYIA4","","","","","0.0","Yes"
"a0FFf000000CyipMAC","005Ff000001F2fFIAS","false","a0FFf000000Cyip","2023-05-22T13:17:46.000Z","005Ff000001F2fFIAS","2023-05-22T13:17:46.000Z","005Ff000001F2fFIAS","2023-05-22T13:17:46.000Z","","","0.0","","","0.0","2017-03-18","4000.0","2017-03-18","HOU/DEL/0223/00646","a00Ff000003QPLZIA4","","","","","0.0","Yes"
"a0FFf000000CyiqMAC","005Ff000001F2fFIAS","false","a0FFf000000Cyiq","2023-05-22T13:17:46.000Z","005Ff000001F2fFIAS","2023-05-22T13:17:46.000Z","005Ff000001F2fFIAS","2023-05-22T13:17:46.000Z","","","0.0","","","0.0","2017-03-09","3968.0","2017-03-09","HOU/DEL/0223/00635","a00Ff000003QPLOIA4","","","","","0.0","Yes"
"a0FFf000000CyirMAC","005Ff000001F2fFIAS","false","a0FFf000000Cyir","2023-05-22T13:17:46.000Z","005Ff000001F2fFIAS","2023-05-22T13:17:46.000Z","005Ff000001F2fFIAS","2023-05-22T13:17:46.000Z","","","0.0","","","0.0","2019-10-01","2871616.22","2019-10-01","HOU/DEL/0223/00637","a00Ff000003QPLQIA4","","0.0","0.0","Monthly","0.0","Yes"
"a0FFf000000CyisMAC","005Ff000001F2fFIAS","false","a0FFf000000Cyis","2023-05-22T13:17:46.000Z","005Ff000001F2fFIAS","2023-05-22T13:17:46.000Z","005Ff000001F2fFIAS","2023-05-22T13:17:46.000Z","","","0.0","","","0.0","2017-02-20","1150.0","2017-02-20","HOU/DEL/0223/00633","a00Ff000003QPLMIA4","","","","","0.0","Yes"
"a0FFf000000CyitMAC","005Ff000001F2fFIAS","false","a0FFf000000Cyit","2023-05-22T13:17:46.000Z","005Ff000001F2fFIAS","2023-05-22T13:17:46.000Z","005Ff000001F2fFIAS","2023-05-22T13:17:46.000Z","","","0.0","","","0.0","2017-05-11","1500.0","2017-05-11","HOU/DEL/0223/00648","a00Ff000003QPLbIAO","","","","","0.0","Yes"
"a0FFf000000CyiuMAC","005Ff000001F2fFIAS","false","a0FFf000000Cyiu","2023-05-22T13:17:46.000Z","005Ff000001F2fFIAS","2023-05-22T13:17:46.000Z","005Ff000001F2fFIAS","2023-05-22T13:17:46.000Z","","","0.0","","","0.0","2020-12-29","1010000.0","2020-12-29","HOU/DEL/0223/00636","a00Ff000003QPLPIA4","","0.0","0.0","Monthly","0.0","Yes"
"a0FFf000000CyivMAC","005Ff000001F2fFIAS","false","a0FFf000000Cyiv","2023-05-22T13:17:46.000Z","005Ff000001F2fFIAS","2023-05-22T13:17:46.000Z","005Ff000001F2fFIAS","2023-05-22T13:17:46.000Z","","","0.0","","","0.0","2017-03-03","11500.0","2017-03-03","HOU/DEL/0223/00640","a00Ff000003QPLTIA4","","","","","0.0","Yes"
"a0FFf000000CyiwMAC","005Ff000001F2fFIAS","false","a0FFf000000Cyiw","2023-05-22T13:17:46.000Z","005Ff000001F2fFIAS","2023-05-22T13:17:46.000Z","005Ff000001F2fFIAS","2023-05-22T13:17:46.000Z","","","0.0","","","0.0","","","","HOU/DEL/0223/00141","a00Ff000003QOtKIAW","","","","Monthly","0.0","Yes"
"a0FFf000000CyixMAC","005Ff000001F2fFIAS","false","a0FFf000000Cyix","2023-05-22T13:17:46.000Z","005Ff000001F2fFIAS","2023-05-22T13:17:46.000Z","005Ff000001F2fFIAS","2023-05-22T13:17:46.000Z","","","0.0","","","0.0","","","","HOU/DEL/0223/00153","a00Ff000003QOtWIAW","","","","Monthly","0.0","Yes"
"a0FFf000000CyiyMAC","005Ff000001F2fFIAS","false","a0FFf000000Cyiy","2023-05-22T13:17:46.000Z","005Ff000001F2fFIAS","2023-05-22T13:17:46.000Z","005Ff000001F2fFIAS","2023-05-22T13:17:46.000Z","","","0.0","","","0.0","2022-04-30","0.0","2022-04-30","HOU/DEL/0223/00160","a00Ff000003QOtdIAG","","","","Monthly","0.0","Yes"
"a0FFf000000CyizMAC","005Ff000001F2fFIAS","false","a0FFf000000Cyiz","2023-05-22T13:17:46.000Z","005Ff000001F2fFIAS","2023-05-22T13:17:46.000Z","005Ff000001F2fFIAS","2023-05-22T13:17:46.000Z","","","0.0","","","0.0","2019-04-20","0.0","2019-04-20","HOU/DEL/0223/00578","a00Ff000003QPKTIA4","","","","Monthly","0.0","Yes"
"a0FFf000000Cyj0MAC","005Ff000001F2fFIAS","false","a0FFf000000Cyj0","2023-05-22T13:17:46.000Z","005Ff000001F2fFIAS","2023-05-22T13:17:46.000Z","005Ff000001F2fFIAS","2023-05-22T13:17:46.000Z","","","0.0","","","0.0","2021-08-04","0.0","2021-08-04","HOU/DEL/0223/00177","a00Ff000003QOtuIAG","","","","Monthly","0.0","Yes"
"a0FFf000000Cyj1MAC","005Ff000001F2fFIAS","false","a0FFf000000Cyj1","2023-05-22T13:17:46.000Z","005Ff000001F2fFIAS","2023-05-22T13:17:46.000Z","005Ff000001F2fFIAS","2023-05-22T13:17:46.000Z","","","0.0","","","0.0","2015-06-01","0.0","2015-06-01","HOU/DEL/0223/00587","a00Ff000003QPKcIAO","","","","Monthly","0.0","Yes"
"a0FFf000000Cyj2MAC","005Ff000001F2fFIAS","false","a0FFf000000Cyj2","2023-05-22T13:17:46.000Z","005Ff000001F2fFIAS","2023-05-22T13:17:46.000Z","005Ff000001F2fFIAS","2023-05-22T13:17:46.000Z","","","0.0","","","0.0","2018-06-30","0.0","2018-06-30","HOU/DEL/0223/00144","a00Ff000003QOtNIAW","","","","Monthly","0.0","Yes"
"a0FFf000000Cyj3MAC","005Ff000001F2fFIAS","false","a0FFf000000Cyj3","2023-05-22T13:17:46.000Z","005Ff000001F2fFIAS","2023-05-22T13:17:46.000Z","005Ff000001F2fFIAS","2023-05-22T13:17:46.000Z","","","516.95","","","0.0","2023-04-10","242854.0","2023-04-10","HOU/DEL/0223/00054","a00Ff000003QSOqIAO","2023-05-10","0.0","0.0","Monthly","610.95","Yes"
"a0FFf000000Cyj4MAC","005Ff000001F2fFIAS","false","a0FFf000000Cyj4","2023-05-22T13:17:46.000Z","005Ff000001F2fFIAS","2023-05-22T13:17:46.000Z","005Ff000001F2fFIAS","2023-05-22T13:17:46.000Z","","","0.0","","","0.0","","","","HOU/DEL/0223/00593","a00Ff000003QPKiIAO","","","","Monthly","0.0","Yes"
"a0FFf000000Cyj5MAC","005Ff000001F2fFIAS","false","a0FFf000000Cyj5","2023-05-22T13:17:46.000Z","005Ff000001F2fFIAS","2023-05-22T13:17:46.000Z","005Ff000001F2fFIAS","2023-05-22T13:17:46.000Z","","","0.0","","","0.0","2015-06-27","0.0","2015-06-27","HOU/DEL/0223/00594","a00Ff000003QPKjIAO","","","","Monthly","0.0","Yes"
"a0FFf000000Cyj6MAC","005Ff000001F2fFIAS","false","a0FFf000000Cyj6","2023-05-22T13:17:46.000Z","005Ff000001F2fFIAS","2023-05-22T13:17:46.000Z","005Ff000001F2fFIAS","2023-05-22T13:17:46.000Z","","","0.0","","","0.0","2020-03-02","2.08E7","2020-03-02","HOU/DEL/0223/00134","a00Ff000003QOtDIAW","","","","Monthly","0.0","Yes"
"a0FFf000000Cyj7MAC","005Ff000001F2fFIAS","false","a0FFf000000Cyj7","2023-05-22T13:17:46.000Z","005Ff000001F2fFIAS","2023-05-22T13:17:46.000Z","005Ff000001F2fFIAS","2023-05-22T13:17:46.000Z","","","0.0","","","0.0","2016-04-15","132887.0","2016-04-15","HOU/DEL/0223/00179","a00Ff000003QOtwIAG","","","","Monthly","0.0","Yes"
"a0FFf000000Cyj8MAC","005Ff000001F2fFIAS","false","a0FFf000000Cyj8","2023-05-22T13:17:46.000Z","005Ff000001F2fFIAS","2023-05-22T13:17:46.000Z","005Ff000001F2fFIAS","2023-05-22T13:17:46.000Z","","","0.0","","","0.0","2018-12-24","0.0","2018-12-24","HOU/DEL/0223/00176","a00Ff000003QOttIAG","","","","Monthly","0.0","Yes"
"a0FFf000000Cyj9MAC","005Ff000001F2fFIAS","false","a0FFf000000Cyj9","2023-05-22T13:17:46.000Z","005Ff000001F2fFIAS","2023-05-22T13:17:46.000Z","005Ff000001F2fFIAS","2023-05-22T13:17:46.000Z","","","0.0","","","0.0","","","","HOU/DEL/0223/00126","a00Ff000003QOt5IAG","","","","Monthly","0.0","Yes"
"a0FFf000000CyjAMAS","005Ff000001F2fFIAS","false","a0FFf000000CyjA","2023-05-22T13:17:46.000Z","005Ff000001F2fFIAS","2023-05-22T13:17:46.000Z","005Ff000001F2fFIAS","2023-05-22T13:17:46.000Z","","","0.0","","","0.0","2023-04-10","394408.0","2023-04-10","HOU/DEL/0223/00050","a00Ff000003QSOmIAO","2023-05-10","0.0","0.0","Monthly","0.0","Yes"
"a0FFf000000CyjBMAS","005Ff000001F2fFIAS","false","a0FFf000000CyjB","2023-05-22T13:17:46.000Z","005Ff000001F2fFIAS","2023-05-22T13:17:46.000Z","005Ff000001F2fFIAS","2023-05-22T13:17:46.000Z","","","6.23","","","0.0","2015-11-04","3.952061E7","2015-11-04","HOU/DEL/0223/00595","a00Ff000003QPKkIAO","","","","Monthly","6.23","Yes"
"a0FFf000000CyjCMAS","005Ff000001F2fFIAS","false","a0FFf000000CyjC","2023-05-22T13:17:46.000Z","005Ff000001F2fFIAS","2023-05-22T13:17:46.000Z","005Ff000001F2fFIAS","2023-05-22T13:17:46.000Z","","","0.0","","","0.0","2015-11-27","0.0","2015-11-27","HOU/DEL/0223/00581","a00Ff000003QPKWIA4","","","","Monthly","0.0","Yes"
"a0FFf000000CyjDMAS","005Ff000001F2fFIAS","false","a0FFf000000CyjD","2023-05-22T13:17:46.000Z","005Ff000001F2fFIAS","2023-05-22T13:17:46.000Z","005Ff000001F2fFIAS","2023-05-22T13:17:46.000Z","","","0.0","","","0.0","","","","HOU/DEL/0223/00129","a00Ff000003QOt8IAG","","","","Monthly","0.0","Yes"
"a0FFf000000CyjEMAS","005Ff000001F2fFIAS","false","a0FFf000000CyjE","2023-05-22T13:17:46.000Z","005Ff000001F2fFIAS","2023-05-22T13:17:46.000Z","005Ff000001F2fFIAS","2023-05-22T13:17:46.000Z","","","2209209.05","","","789611.0","2023-04-13","0.0","2023-04-13","HOU/DEL/0223/00596","a00Ff000003QPKlIAO","2023-05-10","2.0","946197.0","Monthly","3949784.05","Yes"
"a0FFf000000CyjFMAS","005Ff000001F2fFIAS","false","a0FFf000000CyjF","2023-05-22T13:17:46.000Z","005Ff000001F2fFIAS","2023-05-22T13:17:46.000Z","005Ff000001F2fFIAS","2023-05-22T13:17:46.000Z","","","0.0","","","0.0","","","","HOU/DEL/0223/00170","a00Ff000003QOtnIAG","","","","Monthly","0.0","Yes"
"a0FFf000000CyjGMAS","005Ff000001F2fFIAS","false","a0FFf000000CyjG","2023-05-22T13:17:46.000Z","005Ff000001F2fFIAS","2023-05-22T13:17:46.000Z","005Ff000001F2fFIAS","2023-05-22T13:17:46.000Z","","","0.0","","","0.0","2021-12-06","9700000.0","2021-12-06","HOU/DEL/0223/00131","a00Ff000003QOtAIAW","","","","Monthly","0.0","Yes"
"a0FFf000000CyjHMAS","005Ff000001F2fFIAS","false","a0FFf000000CyjH","2023-05-22T13:17:46.000Z","005Ff000001F2fFIAS","2023-05-22T13:17:46.000Z","005Ff000001F2fFIAS","2023-05-22T13:17:46.000Z","","","0.0","","","0.0","2021-12-06","720000.0","2021-12-06","HOU/DEL/0223/00132","a00Ff000003QOtBIAW","","","","Monthly","0.0","Yes"
"a0FFf000000CyjIMAS","005Ff000001F2fFIAS","false","a0FFf000000CyjI","2023-05-22T13:17:46.000Z","005Ff000001F2fFIAS","2023-05-22T13:17:46.000Z","005Ff000001F2fFIAS","2023-05-22T13:17:46.000Z","","","0.0","","","0.0","","","","HOU/DEL/0223/00128","a00Ff000003QOt7IAG","","","","Monthly","0.0","Yes"
"a0FFf000000CyjJMAS","005Ff000001F2fFIAS","false","a0FFf000000CyjJ","2023-05-22T13:17:46.000Z","005Ff000001F2fFIAS","2023-05-22T13:17:46.000Z","005Ff000001F2fFIAS","2023-05-22T13:17:46.000Z","","","5297.0","","","0.0","2018-10-29","0.0","2018-10-29","HOU/DEL/0223/00053","a00Ff000003QSOpIAO","","0.0","0.0","Monthly","6251.0","Yes"
"a0FFf000000CyjKMAS","005Ff000001F2fFIAS","false","a0FFf000000CyjK","2023-05-22T13:17:46.000Z","005Ff000001F2fFIAS","2023-05-22T13:17:46.000Z","005Ff000001F2fFIAS","2023-05-22T13:17:46.000Z","","","0.0","","","0.0","","","","HOU/DEL/0223/00590","a00Ff000003QPKfIAO","","","","Monthly","0.0","Yes"
"a0FFf000000CyjLMAS","005Ff000001F2fFIAS","false","a0FFf000000CyjL","2023-05-22T13:17:46.000Z","005Ff000001F2fFIAS","2023-05-22T13:17:46.000Z","005Ff000001F2fFIAS","2023-05-22T13:17:46.000Z","","","0.0","","","0.0","","","","HOU/DEL/0223/00167","a00Ff000003QOtkIAG","","","","Monthly","0.0","Yes"
"a0FFf000000CyjMMAS","005Ff000001F2fFIAS","false","a0FFf000000CyjM","2023-05-22T13:17:46.000Z","005Ff000001F2fFIAS","2023-05-22T13:17:46.000Z","005Ff000001F2fFIAS","2023-05-22T13:17:46.000Z","","","0.0","","","0.0","","","","HOU/DEL/0223/00130","a00Ff000003QOt9IAG","","","","Monthly","0.0","Yes"
"a0FFf000000CyjNMAS","005Ff000001F2fFIAS","false","a0FFf000000CyjN","2023-05-22T13:17:46.000Z","005Ff000001F2fFIAS","2023-05-22T13:17:46.000Z","005Ff000001F2fFIAS","2023-05-22T13:17:46.000Z","","","0.0","","","0.0","2017-08-26","0.0","2017-08-26","HOU/DEL/0223/00168","a00Ff000003QOtlIAG","","","","Monthly","0.0","Yes"
"a0FFf000000CyjOMAS","005Ff000001F2fFIAS","false","a0FFf000000CyjO","2023-05-22T13:17:46.000Z","005Ff000001F2fFIAS","2023-05-22T13:17:46.000Z","005Ff000001F2fFIAS","2023-05-22T13:17:46.000Z","","","0.0","","","0.0","2016-03-02","1.1629E8","2016-03-02","HOU/DEL/0223/00165","a00Ff000003QOtiIAG","","","","Monthly","0.0","Yes"
"a0FFf000000CyjPMAS","005Ff000001F2fFIAS","false","a0FFf000000CyjP","2023-05-22T13:17:46.000Z","005Ff000001F2fFIAS","2023-05-22T13:17:46.000Z","005Ff000001F2fFIAS","2023-05-22T13:17:46.000Z","","","0.0","","","0.0","2020-01-03","0.0","2020-01-03","HOU/DEL/0223/00166","a00Ff000003QOtjIAG","","0.0","0.0","Monthly","0.0","Yes"
"a0FFf000000CyjQMAS","005Ff000001F2fFIAS","false","a0FFf000000CyjQ","2023-05-22T13:17:46.000Z","005Ff000001F2fFIAS","2023-05-22T13:17:46.000Z","005Ff000001F2fFIAS","2023-05-22T13:17:46.000Z","","","0.0","","","0.0","","","","HOU/DEL/0223/00122","a00Ff000003QOt1IAG","","","","Monthly","0.0","Yes"
"a0FFf000000CyjRMAS","005Ff000001F2fFIAS","false","a0FFf000000CyjR","2023-05-22T13:17:46.000Z","005Ff000001F2fFIAS","2023-05-22T13:17:46.000Z","005Ff000001F2fFIAS","2023-05-22T13:17:46.000Z","","","0.0","","","0.0","2015-09-10","0.0","2015-09-10","HOU/DEL/0223/00676","a00Ff000003QWFXIA4","","","","Monthly","0.0","Yes"
"a0FFf000000CyjSMAS","005Ff000001F2fFIAS","false","a0FFf000000CyjS","2023-05-22T13:17:46.000Z","005Ff000001F2fFIAS","2023-05-22T13:17:46.000Z","005Ff000001F2fFIAS","2023-05-22T13:17:46.000Z","","","0.0","","","0.0","","","","HOU/DEL/0223/00149","a00Ff000003QOtSIAW","","","","Monthly","0.0","Yes"
"a0FFf000000CyjTMAS","005Ff000001F2fFIAS","false","a0FFf000000CyjT","2023-05-22T13:17:46.000Z","005Ff000001F2fFIAS","2023-05-22T13:17:46.000Z","005Ff000001F2fFIAS","2023-05-22T13:17:46.000Z","","","53460.4","","","0.0","2022-03-10","0.0","2022-03-10","HOU/DEL/0223/00049","a00Ff000003QSOlIAO","","0.0","0.0","Monthly","53568.4","Yes"
"a0FFf000000CyjUMAS","005Ff000001F2fFIAS","false","a0FFf000000CyjU","2023-05-22T13:17:46.000Z","005Ff000001F2fFIAS","2023-05-22T13:17:46.000Z","005Ff000001F2fFIAS","2023-05-22T13:17:46.000Z","","","53460.4","","","0.0","2022-03-10","0.0","2022-03-10","HOU/DEL/0223/00048","a00Ff000003QSOkIAO","","0.0","0.0","Monthly","53568.4","Yes"
"a0FFf000000CyjVMAS","005Ff000001F2fFIAS","false","a0FFf000000CyjV","2023-05-22T13:17:46.000Z","005Ff000001F2fFIAS","2023-05-22T13:17:46.000Z","005Ff000001F2fFIAS","2023-05-22T13:17:46.000Z","","","0.0","","","0.0","","","","HOU/DEL/0223/00591","a00Ff000003QPKgIAO","","","","Monthly","0.0","Yes"
"a0FFf000000CyjWMAS","005Ff000001F2fFIAS","false","a0FFf000000CyjW","2023-05-22T13:17:46.000Z","005Ff000001F2fFIAS","2023-05-22T13:17:46.000Z","005Ff000001F2fFIAS","2023-05-22T13:17:46.000Z","","","0.0","","","0.0","2017-05-08","0.0","2017-05-08","HOU/DEL/0223/00597","a00Ff000003QPKmIAO","","","","Monthly","0.0","Yes"
"a0FFf000000CyjXMAS","005Ff000001F2fFIAS","false","a0FFf000000CyjX","2023-05-22T13:17:46.000Z","005Ff000001F2fFIAS","2023-05-22T13:17:46.000Z","005Ff000001F2fFIAS","2023-05-22T13:17:46.000Z","","","0.0","","","0.0","","","","HOU/DEL/0223/00135","a00Ff000003QOtEIAW","","","","Monthly","0.0","Yes"
"a0FFf000000CyjYMAS","005Ff000001F2fFIAS","false","a0FFf000000CyjY","2023-05-22T13:17:46.000Z","005Ff000001F2fFIAS","2023-05-22T13:17:46.000Z","005Ff000001F2fFIAS","2023-05-22T13:17:46.000Z","","","0.0","","","0.0","2018-01-08","1.03265332E8","2018-01-08","HOU/DEL/0223/00600","a00Ff000003QPKpIAO","","","","Monthly","0.0","Yes"
"a0FFf000000CyjZMAS","005Ff000001F2fFIAS","false","a0FFf000000CyjZ","2023-05-22T13:18:08.000Z","005Ff000001F2fFIAS","2023-05-22T13:18:08.000Z","005Ff000001F2fFIAS","2023-05-22T13:18:08.000Z","","","0.0","","","0.0","2017-08-01","0.0","2017-08-01","HOU/DEL/0223/00137","a00Ff000003QOtGIAW","","","","Monthly","0.0","Yes"
"a0FFf000000CyjaMAC","005Ff000001F2fFIAS","false","a0FFf000000Cyja","2023-05-22T13:18:08.000Z","005Ff000001F2fFIAS","2023-05-22T13:18:08.000Z","005Ff000001F2fFIAS","2023-05-22T13:18:08.000Z","","","0.0","","","0.0","","","","HOU/DEL/0223/00138","a00Ff000003QOtHIAW","","","","Monthly","0.0","Yes"
"a0FFf000000CyjbMAC","005Ff000001F2fFIAS","false","a0FFf000000Cyjb","2023-05-22T13:18:08.000Z","005Ff000001F2fFIAS","2023-05-22T13:18:08.000Z","005Ff000001F2fFIAS","2023-05-22T13:18:08.000Z","","","0.0","","","0.0","2015-02-04","0.0","2015-02-04","HOU/DEL/0223/00694","a00Ff000003QWFpIAO","","","","Monthly","0.0","Yes"
"a0FFf000000CyjcMAC","005Ff000001F2fFIAS","false","a0FFf000000Cyjc","2023-05-22T13:18:08.000Z","005Ff000001F2fFIAS","2023-05-22T13:18:08.000Z","005Ff000001F2fFIAS","2023-05-22T13:18:08.000Z","","","0.0","","","0.0","2017-04-11","0.0","2017-04-11","HOU/DEL/0223/00140","a00Ff000003QOtJIAW","","","","Monthly","0.0","Yes"
"a0FFf000000CyjdMAC","005Ff000001F2fFIAS","false","a0FFf000000Cyjd","2023-05-22T13:18:08.000Z","005Ff000001F2fFIAS","2023-05-22T13:18:08.000Z","005Ff000001F2fFIAS","2023-05-22T13:18:08.000Z","","","0.0","","","0.0","2018-12-13","0.0","2018-12-13","HOU/DEL/0223/00682","a00Ff000003QWFdIAO","","","","Monthly","0.0","Yes"
"a0FFf000000CyjeMAC","005Ff000001F2fFIAS","false","a0FFf000000Cyje","2023-05-22T13:18:08.000Z","005Ff000001F2fFIAS","2023-05-22T13:18:08.000Z","005Ff000001F2fFIAS","2023-05-22T13:18:08.000Z","","","0.0","","","0.0","2015-04-23","118223.5","2015-04-23","HOU/DEL/0223/00683","a00Ff000003QWFeIAO","","0.0","0.0","Monthly","0.0","Yes"
"a0FFf000000CyjfMAC","005Ff000001F2fFIAS","false","a0FFf000000Cyjf","2023-05-22T13:18:08.000Z","005Ff000001F2fFIAS","2023-05-22T13:18:08.000Z","005Ff000001F2fFIAS","2023-05-22T13:18:08.000Z","","","0.0","","","0.0","","","","HOU/DEL/0223/00685","a00Ff000003QWFgIAO","","","","Monthly","0.0","Yes"
"a0FFf000000CyjgMAC","005Ff000001F2fFIAS","false","a0FFf000000Cyjg","2023-05-22T13:18:08.000Z","005Ff000001F2fFIAS","2023-05-22T13:18:08.000Z","005Ff000001F2fFIAS","2023-05-22T13:18:08.000Z","","","2.63","","","0.0","2023-04-20","4000.0","2023-04-20","HOU/DEL/0223/00684","a00Ff000003QWFfIAO","2023-05-20","0.0","0.0","Monthly","2.63","Yes"
"a0FFf000000CyjhMAC","005Ff000001F2fFIAS","false","a0FFf000000Cyjh","2023-05-22T13:18:08.000Z","005Ff000001F2fFIAS","2023-05-22T13:18:08.000Z","005Ff000001F2fFIAS","2023-05-22T13:18:08.000Z","","","2500.0","","","0.0","2018-06-30","0.0","2018-06-30","HOU/DEL/0223/00686","a00Ff000003QWFhIAO","","0.0","0.0","Monthly","2950.0","Yes"
"a0FFf000000CyjiMAC","005Ff000001F2fFIAS","false","a0FFf000000Cyji","2023-05-22T13:18:08.000Z","005Ff000001F2fFIAS","2023-05-22T13:18:08.000Z","005Ff000001F2fFIAS","2023-05-22T13:18:08.000Z","","","0.0","","","0.0","2022-10-11","4.7775421E7","2022-10-11","HOU/DEL/0223/00598","a00Ff000003QPKnIAO","","","","Monthly","0.0","Yes"
"a0FFf000000CyjjMAC","005Ff000001F2fFIAS","false","a0FFf000000Cyjj","2023-05-22T13:18:08.000Z","005Ff000001F2fFIAS","2023-05-22T13:18:08.000Z","005Ff000001F2fFIAS","2023-05-22T13:18:08.000Z","","","0.0","","","0.0","2017-03-31","576.0","2017-03-31","HOU/DEL/0223/00599","a00Ff000003QPKoIAO","","","","Monthly","0.0","Yes"
"a0FFf000000CyjkMAC","005Ff000001F2fFIAS","false","a0FFf000000Cyjk","2023-05-22T13:18:08.000Z","005Ff000001F2fFIAS","2023-05-22T13:18:08.000Z","005Ff000001F2fFIAS","2023-05-22T13:18:08.000Z","","","0.0","","","0.0","2016-01-29","1.9549731E7","2016-01-29","HOU/DEL/0223/00139","a00Ff000003QOtIIAW","","","","Monthly","0.0","Yes"
"a0FFf000000CyjlMAC","005Ff000001F2fFIAS","false","a0FFf000000Cyjl","2023-05-22T13:18:08.000Z","005Ff000001F2fFIAS","2023-05-22T13:18:08.000Z","005Ff000001F2fFIAS","2023-05-22T13:18:08.000Z","","","0.0","","","0.0","","","","HOU/DEL/0223/00124","a00Ff000003QOt3IAG","","","","Monthly","0.0","Yes"
"a0FFf000000CyjmMAC","005Ff000001F2fFIAS","false","a0FFf000000Cyjm","2023-05-22T13:18:08.000Z","005Ff000001F2fFIAS","2023-05-22T13:18:08.000Z","005Ff000001F2fFIAS","2023-05-22T13:18:08.000Z","","","0.0","","","0.0","2017-03-03","0.0","2017-03-03","HOU/DEL/0223/00583","a00Ff000003QPKYIA4","","","","Monthly","0.0","Yes"
"a0FFf000000CyjnMAC","005Ff000001F2fFIAS","false","a0FFf000000Cyjn","2023-05-22T13:18:08.000Z","005Ff000001F2fFIAS","2023-05-22T13:18:08.000Z","005Ff000001F2fFIAS","2023-05-22T13:18:08.000Z","","","0.0","","","0.0","2016-04-12","0.0","2016-04-12","HOU/DEL/0223/00582","a00Ff000003QPKXIA4","","","","Monthly","0.0","Yes"
"a0FFf000000CyjoMAC","005Ff000001F2fFIAS","false","a0FFf000000Cyjo","2023-05-22T13:18:08.000Z","005Ff000001F2fFIAS","2023-05-22T13:18:08.000Z","005Ff000001F2fFIAS","2023-05-22T13:18:08.000Z","","","0.0","","","0.0","2017-05-08","0.0","2017-05-08","HOU/DEL/0223/00584","a00Ff000003QPKZIA4","","","","Monthly","0.0","Yes"
"a0FFf000000CyjpMAC","005Ff000001F2fFIAS","false","a0FFf000000Cyjp","2023-05-22T13:18:08.000Z","005Ff000001F2fFIAS","2023-05-22T13:18:08.000Z","005Ff000001F2fFIAS","2023-05-22T13:18:08.000Z","","","0.0","","","0.0","","","","HOU/DEL/0223/00674","a00Ff000003QWFVIA4","","","","Monthly","0.0","Yes"
"a0FFf000000CyjqMAC","005Ff000001F2fFIAS","false","a0FFf000000Cyjq","2023-05-22T13:18:08.000Z","005Ff000001F2fFIAS","2023-05-22T13:18:08.000Z","005Ff000001F2fFIAS","2023-05-22T13:18:08.000Z","","","25731.19","","","0.0","2023-04-10","0.0","2023-04-10","HOU/DEL/0223/00675","a00Ff000003QWFWIA4","2023-05-10","0.0","0.0","Monthly","27756.19","Yes"
"a0FFf000000CyjrMAC","005Ff000001F2fFIAS","false","a0FFf000000Cyjr","2023-05-22T13:18:08.000Z","005Ff000001F2fFIAS","2023-05-22T13:18:08.000Z","005Ff000001F2fFIAS","2023-05-22T13:18:08.000Z","","","0.0","","","0.0","2017-07-14","0.0","2017-07-14","HOU/DEL/0223/00673","a00Ff000003QWFUIA4","","","","Monthly","0.0","Yes"
"a0FFf000000CyjsMAC","005Ff000001F2fFIAS","false","a0FFf000000Cyjs","2023-05-22T13:18:08.000Z","005Ff000001F2fFIAS","2023-05-22T13:18:08.000Z","005Ff000001F2fFIAS","2023-05-22T13:18:08.000Z","","","0.0","","","0.0","2016-02-26","35318.87","2016-02-26","HOU/DEL/0223/00677","a00Ff000003QWFYIA4","","0.0","0.0","Monthly","0.0","Yes"
"a0FFf000000CyjtMAC","005Ff000001F2fFIAS","false","a0FFf000000Cyjt","2023-05-22T13:18:08.000Z","005Ff000001F2fFIAS","2023-05-22T13:18:08.000Z","005Ff000001F2fFIAS","2023-05-22T13:18:08.000Z","","","0.0","","","0.0","","","","HOU/DEL/0223/00671","a00Ff000003QWFSIA4","","","","Monthly","0.0","Yes"
"a0FFf000000CyjuMAC","005Ff000001F2fFIAS","false","a0FFf000000Cyju","2023-05-22T13:18:08.000Z","005Ff000001F2fFIAS","2023-05-22T13:18:08.000Z","005Ff000001F2fFIAS","2023-05-22T13:18:08.000Z","","","0.0","","","0.0","2022-05-12","0.0","2022-05-12","HOU/DEL/0223/00678","a00Ff000003QWFZIA4","","0.0","0.0","Monthly","0.0","Yes"
"a0FFf000000CyjvMAC","005Ff000001F2fFIAS","false","a0FFf000000Cyjv","2023-05-22T13:18:08.000Z","005Ff000001F2fFIAS","2023-05-22T13:18:08.000Z","005Ff000001F2fFIAS","2023-05-22T13:18:08.000Z","","","0.0","","","0.0","2019-11-20","0.0","2019-11-20","HOU/DEL/0223/00679","a00Ff000003QWFaIAO","","","","Monthly","0.0","Yes"
"a0FFf000000CyjwMAC","005Ff000001F2fFIAS","false","a0FFf000000Cyjw","2023-05-22T13:18:08.000Z","005Ff000001F2fFIAS","2023-05-22T13:18:08.000Z","005Ff000001F2fFIAS","2023-05-22T13:18:08.000Z","","","0.0","","","0.0","2017-01-06","0.0","2017-01-06","HOU/DEL/0223/00681","a00Ff000003QWFcIAO","","","","Monthly","0.0","Yes"
"a0FFf000000CyjxMAC","005Ff000001F2fFIAS","false","a0FFf000000Cyjx","2023-05-22T13:18:08.000Z","005Ff000001F2fFIAS","2023-05-22T13:18:08.000Z","005Ff000001F2fFIAS","2023-05-22T13:18:08.000Z","","","0.0","","","0.0","2015-05-30","0.0","2015-05-30","HOU/DEL/0223/00680","a00Ff000003QWFbIAO","","","","Monthly","0.0","Yes"
"a0FFf000000CyjyMAC","005Ff000001F2fFIAS","false","a0FFf000000Cyjy","2023-05-22T13:18:08.000Z","005Ff000001F2fFIAS","2023-05-22T13:18:08.000Z","005Ff000001F2fFIAS","2023-05-22T13:18:08.000Z","","","0.0","","","0.0","2015-06-25","0.0","2015-06-25","HOU/DEL/0223/00688","a00Ff000003QWFjIAO","","","","Monthly","0.0","Yes"
"a0FFf000000CyjzMAC","005Ff000001F2fFIAS","false","a0FFf000000Cyjz","2023-05-22T13:18:08.000Z","005Ff000001F2fFIAS","2023-05-22T13:18:08.000Z","005Ff000001F2fFIAS","2023-05-22T13:18:08.000Z","","","0.0","","","0.0","2020-07-07","0.0","2020-07-07","HOU/DEL/0223/00687","a00Ff000003QWFiIAO","","","","Monthly","0.0","Yes"
"a0FFf000000Cyk0MAC","005Ff000001F2fFIAS","false","a0FFf000000Cyk0","2023-05-22T13:18:08.000Z","005Ff000001F2fFIAS","2023-05-22T13:18:08.000Z","005Ff000001F2fFIAS","2023-05-22T13:18:08.000Z","","","0.0","","","0.0","2017-10-05","0.0","2017-10-05","HOU/DEL/0223/00691","a00Ff000003QWFmIAO","","","","Monthly","0.0","Yes"
"a0FFf000000Cyk1MAC","005Ff000001F2fFIAS","false","a0FFf000000Cyk1","2023-05-22T13:18:08.000Z","005Ff000001F2fFIAS","2023-05-22T13:18:08.000Z","005Ff000001F2fFIAS","2023-05-22T13:18:08.000Z","","","0.0","","","0.0","2022-08-29","0.0","2022-08-29","HOU/DEL/0223/00690","a00Ff000003QWFlIAO","","","","Monthly","0.0","Yes"
"a0FFf000000Cyk2MAC","005Ff000001F2fFIAS","false","a0FFf000000Cyk2","2023-05-22T13:18:08.000Z","005Ff000001F2fFIAS","2023-05-22T13:18:08.000Z","005Ff000001F2fFIAS","2023-05-22T13:18:08.000Z","","","0.0","","","0.0","2016-10-14","0.0","2016-10-14","HOU/DEL/0223/00689","a00Ff000003QWFkIAO","","","","Monthly","0.0","Yes"
"a0FFf000000Cyk3MAC","005Ff000001F2fFIAS","false","a0FFf000000Cyk3","2023-05-22T13:18:08.000Z","005Ff000001F2fFIAS","2023-05-22T13:18:08.000Z","005Ff000001F2fFIAS","2023-05-22T13:18:08.000Z","","","0.0","","","0.0","2020-06-01","149958.0","2020-06-01","HOU/DEL/0223/00693","a00Ff000003QWFoIAO","","","","Monthly","0.0","Yes"
"a0FFf000000Cyk4MAC","005Ff000001F2fFIAS","false","a0FFf000000Cyk4","2023-05-22T13:18:08.000Z","005Ff000001F2fFIAS","2023-05-22T13:18:08.000Z","005Ff000001F2fFIAS","2023-05-22T13:18:08.000Z","","","0.0","","","0.0","2017-12-08","0.0","2017-12-08","HOU/DEL/0223/00692","a00Ff000003QWFnIAO","","","","Monthly","0.0","Yes"
"a0FFf000000Cyk5MAC","005Ff000001F2fFIAS","false","a0FFf000000Cyk5","2023-05-22T13:18:08.000Z","005Ff000001F2fFIAS","2023-05-22T13:18:08.000Z","005Ff000001F2fFIAS","2023-05-22T13:18:08.000Z","","","75278.16","","","163300.0","2023-04-10","163300.0","2023-04-10","HOU/DEL/0223/00047","a00Ff000003QSOjIAO","2023-05-10","1.0","0.0","Monthly","241165.16","Yes"
"a0FFf000000Cyk6MAC","005Ff000001F2fFIAS","false","a0FFf000000Cyk6","2023-05-22T13:18:08.000Z","005Ff000001F2fFIAS","2023-05-22T13:18:08.000Z","005Ff000001F2fFIAS","2023-05-22T13:18:08.000Z","","","18555.32","","","0.0","2023-04-11","0.0","2023-04-11","HOU/DEL/0223/00585","a00Ff000003QPKaIAO","2023-05-10","0.0","0.0","Monthly","18735.32","Yes"
"a0FFf000000Cyk7MAC","005Ff000001F2fFIAS","false","a0FFf000000Cyk7","2023-05-22T13:18:08.000Z","005Ff000001F2fFIAS","2023-05-22T13:18:08.000Z","005Ff000001F2fFIAS","2023-05-22T13:18:08.000Z","","","0.0","","","0.0","2023-04-15","975917.0","2023-04-15","HOU/DEL/0223/00588","a00Ff000003QPKdIAO","2023-05-15","0.0","0.0","Monthly","0.0","Yes"
"a0FFf000000Cyk8MAC","005Ff000001F2fFIAS","false","a0FFf000000Cyk8","2023-05-22T13:18:08.000Z","005Ff000001F2fFIAS","2023-05-22T13:18:08.000Z","005Ff000001F2fFIAS","2023-05-22T13:18:08.000Z","","","0.0","","","0.0","","","","HOU/DEL/0223/00589","a00Ff000003QPKeIAO","","","","Monthly","0.0","Yes"
"a0FFf000000Cyk9MAC","005Ff000001F2fFIAS","false","a0FFf000000Cyk9","2023-05-22T13:18:08.000Z","005Ff000001F2fFIAS","2023-05-22T13:18:08.000Z","005Ff000001F2fFIAS","2023-05-22T13:18:08.000Z","","","0.0","","","0.0","2023-04-25","0.0","2023-04-25","HOU/DEL/0223/00586","a00Ff000003QPKbIAO","2023-05-25","0.0","0.0","Monthly","0.0","Yes"
"a0FFf000000CykAMAS","005Ff000001F2fFIAS","false","a0FFf000000CykA","2023-05-22T13:18:08.000Z","005Ff000001F2fFIAS","2023-05-22T13:18:08.000Z","005Ff000001F2fFIAS","2023-05-22T13:18:08.000Z","","","0.0","","","0.0","2019-08-22","7128.9","2019-08-22","HOU/DEL/0223/00672","a00Ff000003QWFTIA4","","0.0","0.0","Monthly","0.0","Yes"
"a0FFf000000CykBMAS","005Ff000001F2fFIAS","false","a0FFf000000CykB","2023-05-22T13:18:08.000Z","005Ff000001F2fFIAS","2023-05-22T13:18:08.000Z","005Ff000001F2fFIAS","2023-05-22T13:18:08.000Z","","","0.0","","","0.0","2023-04-10","0.0","2023-04-10","HOU/DEL/0223/00601","a00Ff000003QPKqIAO","2023-05-10","0.0","0.0","Monthly","0.0","Yes"
"a0FFf000000CykCMAS","005Ff000001F2fFIAS","false","a0FFf000000CykC","2023-05-22T13:18:08.000Z","005Ff000001F2fFIAS","2023-05-22T13:18:08.000Z","005Ff000001F2fFIAS","2023-05-22T13:18:08.000Z","","","0.0","","","0.0","2023-01-24","0.0","2023-01-24","HOU/DEL/0223/00579","a00Ff000003QPKUIA4","","","","Monthly","0.0","Yes"
"a0FFf000000CykDMAS","005Ff000001F2fFIAS","false","a0FFf000000CykD","2023-05-22T13:18:08.000Z","005Ff000001F2fFIAS","2023-05-22T13:18:08.000Z","005Ff000001F2fFIAS","2023-05-22T13:18:08.000Z","","","0.0","","","0.0","2021-12-06","2.2E7","2021-12-06","HOU/DEL/0223/00136","a00Ff000003QOtFIAW","","","","Monthly","0.0","Yes"
"a0FFf000000CykEMAS","005Ff000001F2fFIAS","false","a0FFf000000CykE","2023-05-22T13:18:08.000Z","005Ff000001F2fFIAS","2023-05-22T13:18:08.000Z","005Ff000001F2fFIAS","2023-05-22T13:18:08.000Z","","","0.0","","","0.0","2021-01-11","590.0","2021-01-11","HOU/DEL/0223/00123","a00Ff000003QOt2IAG","","","","Monthly","0.0","Yes"
"a0FFf000000CykFMAS","005Ff000001F2fFIAS","false","a0FFf000000CykF","2023-05-22T13:18:08.000Z","005Ff000001F2fFIAS","2023-05-22T13:18:08.000Z","005Ff000001F2fFIAS","2023-05-22T13:18:08.000Z","","","0.0","","","0.0","2019-12-20","6669097.0","2019-12-20","HOU/DEL/0223/00127","a00Ff000003QOt6IAG","","","","Monthly","0.0","Yes"
"a0FFf000000CykGMAS","005Ff000001F2fFIAS","false","a0FFf000000CykG","2023-05-22T13:18:08.000Z","005Ff000001F2fFIAS","2023-05-22T13:18:08.000Z","005Ff000001F2fFIAS","2023-05-22T13:18:08.000Z","","","0.0","","","0.0","","","","HOU/DEL/0223/00580","a00Ff000003QPKVIA4","","","","Monthly","0.0","Yes"
"a0FFf000000CykHMAS","005Ff000001F2fFIAS","false","a0FFf000000CykH","2023-05-22T13:18:08.000Z","005Ff000001F2fFIAS","2023-05-22T13:18:08.000Z","005Ff000001F2fFIAS","2023-05-22T13:18:08.000Z","","","0.0","","","0.0","2017-12-29","0.0","2017-12-29","HOU/DEL/0223/00592","a00Ff000003QPKhIAO","","","","Monthly","0.0","Yes"
"a0FFf000000CykIMAS","005Ff000001F2fFIAS","false","a0FFf000000CykI","2023-05-22T13:18:08.000Z","005Ff000001F2fFIAS","2023-05-22T13:18:08.000Z","005Ff000001F2fFIAS","2023-05-22T13:18:08.000Z","","","0.0","","","0.0","2016-05-10","185433.0","2016-05-10","HOU/DEL/0223/00133","a00Ff000003QOtCIAW","","","","Monthly","0.0","Yes"
"a0FFf000000CykJMAS","005Ff000001F2fFIAS","false","a0FFf000000CykJ","2023-05-22T13:18:08.000Z","005Ff000001F2fFIAS","2023-05-22T13:18:08.000Z","005Ff000001F2fFIAS","2023-05-22T13:18:08.000Z","","","0.0","","","0.0","2021-03-18","0.0","2021-03-18","HOU/DEL/0223/00173","a00Ff000003QOtqIAG","","","","Monthly","0.0","Yes"
"a0FFf000000CykKMAS","005Ff000001F2fFIAS","false","a0FFf000000CykK","2023-05-22T13:18:08.000Z","005Ff000001F2fFIAS","2023-05-22T13:18:08.000Z","005Ff000001F2fFIAS","2023-05-22T13:18:08.000Z","","","0.0","","","0.0","2016-12-09","180153.0","2016-12-09","HOU/DEL/0223/00154","a00Ff000003QOtXIAW","","","","Monthly","0.0","Yes"
"a0FFf000000CykLMAS","005Ff000001F2fFIAS","false","a0FFf000000CykL","2023-05-22T13:18:08.000Z","005Ff000001F2fFIAS","2023-05-22T13:18:08.000Z","005Ff000001F2fFIAS","2023-05-22T13:18:08.000Z","","","0.0","","","0.0","2019-03-07","0.0","2019-03-07","HOU/DEL/0223/00159","a00Ff000003QOtcIAG","","","","Monthly","0.0","Yes"
"a0FFf000000CykMMAS","005Ff000001F2fFIAS","false","a0FFf000000CykM","2023-05-22T13:18:08.000Z","005Ff000001F2fFIAS","2023-05-22T13:18:08.000Z","005Ff000001F2fFIAS","2023-05-22T13:18:08.000Z","","","0.0","","","0.0","","","","HOU/DEL/0223/00142","a00Ff000003QOtLIAW","","","","Monthly","0.0","Yes"
"a0FFf000000CykNMAS","005Ff000001F2fFIAS","false","a0FFf000000CykN","2023-05-22T13:18:08.000Z","005Ff000001F2fFIAS","2023-05-22T13:18:08.000Z","005Ff000001F2fFIAS","2023-05-22T13:18:08.000Z","","","0.0","","","0.0","2023-04-10","0.0","2023-04-10","HOU/DEL/0223/00051","a00Ff000003QSOnIAO","2023-05-10","0.0","0.0","Monthly","0.0","Yes"
"a0FFf000000CykOMAS","005Ff000001F2fFIAS","false","a0FFf000000CykO","2023-05-22T13:18:08.000Z","005Ff000001F2fFIAS","2023-05-22T13:18:08.000Z","005Ff000001F2fFIAS","2023-05-22T13:18:08.000Z","","","0.0","","","0.0","2018-01-15","0.0","2018-01-15","HOU/DEL/0223/00180","a00Ff000003QOtxIAG","","","","Monthly","0.0","Yes"
"a0FFf000000CykPMAS","005Ff000001F2fFIAS","false","a0FFf000000CykP","2023-05-22T13:18:08.000Z","005Ff000001F2fFIAS","2023-05-22T13:18:08.000Z","005Ff000001F2fFIAS","2023-05-22T13:18:08.000Z","","","0.0","","","0.0","","","","HOU/DEL/0223/00143","a00Ff000003QOtMIAW","","","","Monthly","0.0","Yes"
"a0FFf000000CykQMAS","005Ff000001F2fFIAS","false","a0FFf000000CykQ","2023-05-22T13:18:08.000Z","005Ff000001F2fFIAS","2023-05-22T13:18:08.000Z","005Ff000001F2fFIAS","2023-05-22T13:18:08.000Z","","","2.370866792E7","","","3175480.0","2022-09-26","0.0","2022-09-26","HOU/DEL/0223/00602","a00Ff000003QPKrIAO","2023-05-20","7.0","3068492.0","Monthly","3.011570892E7","Yes"
"a0FFf000000CykRMAS","005Ff000001F2fFIAS","false","a0FFf000000CykR","2023-05-22T13:18:08.000Z","005Ff000001F2fFIAS","2023-05-22T13:18:08.000Z","005Ff000001F2fFIAS","2023-05-22T13:18:08.000Z","","","0.0","","","0.0","2016-02-01","4892000.0","2016-02-01","HOU/DEL/0223/00697","a00Ff000003QWFsIAO","","","","Monthly","0.0","Yes"
"a0FFf000000CykSMAS","005Ff000001F2fFIAS","false","a0FFf000000CykS","2023-05-22T13:18:08.000Z","005Ff000001F2fFIAS","2023-05-22T13:18:08.000Z","005Ff000001F2fFIAS","2023-05-22T13:18:08.000Z","","","831981.0","","","245838.0","2022-07-14","0.0","2022-07-14","HOU/DEL/0223/00046","a00Ff000003QSGfIAO","2023-02-15","10.0","4836784.95","Monthly","5915540.95","Yes"
"a0FFf000000CykTMAS","005Ff000001F2fFIAS","false","a0FFf000000CykT","2023-05-22T13:18:08.000Z","005Ff000001F2fFIAS","2023-05-22T13:18:08.000Z","005Ff000001F2fFIAS","2023-05-22T13:18:08.000Z","","","0.0","","","0.0","2016-02-01","0.0","2016-02-01","HOU/DEL/0223/00696","a00Ff000003QWFrIAO","","","","Monthly","0.0","Yes"
"a0FFf000000CykUMAS","005Ff000001F2fFIAS","false","a0FFf000000CykU","2023-05-22T13:18:08.000Z","005Ff000001F2fFIAS","2023-05-22T13:18:08.000Z","005Ff000001F2fFIAS","2023-05-22T13:18:08.000Z","","","0.0","","","0.0","2015-10-03","8225518.0","2015-10-03","HOU/DEL/0223/00695","a00Ff000003QWFqIAO","","","","Monthly","0.0","Yes"
"a0FFf000000CykVMAS","005Ff000001F2fFIAS","false","a0FFf000000CykV","2023-05-22T13:18:08.000Z","005Ff000001F2fFIAS","2023-05-22T13:18:08.000Z","005Ff000001F2fFIAS","2023-05-22T13:18:08.000Z","","","0.0","","","0.0","","","","HOU/DEL/0223/00158","a00Ff000003QOtbIAG","","","","Monthly","0.0","Yes"
"a0FFf000000CykWMAS","005Ff000001F2fFIAS","false","a0FFf000000CykW","2023-05-22T13:18:08.000Z","005Ff000001F2fFIAS","2023-05-22T13:18:08.000Z","005Ff000001F2fFIAS","2023-05-22T13:18:08.000Z","","","0.0","","","0.0","","","","HOU/DEL/0223/00157","a00Ff000003QOtaIAG","","","","Monthly","0.0","Yes"
"a0FFf000000CykXMAS","005Ff000001F2fFIAS","false","a0FFf000000CykX","2023-05-22T13:18:08.000Z","005Ff000001F2fFIAS","2023-05-22T13:18:08.000Z","005Ff000001F2fFIAS","2023-05-22T13:18:08.000Z","","","0.0","","","0.0","2017-04-27","0.0","2017-04-27","HOU/DEL/0223/00151","a00Ff000003QOtUIAW","","","","Monthly","0.0","Yes"
"a0FFf000000CykYMAS","005Ff000001F2fFIAS","false","a0FFf000000CykY","2023-05-22T13:18:08.000Z","005Ff000001F2fFIAS","2023-05-22T13:18:08.000Z","005Ff000001F2fFIAS","2023-05-22T13:18:08.000Z","","","0.0","","","0.0","2017-12-22","180000.0","2017-12-22","HOU/DEL/0223/00146","a00Ff000003QOtPIAW","","","","Monthly","0.0","Yes"
"a0FFf000000CykZMAS","005Ff000001F2fFIAS","false","a0FFf000000CykZ","2023-05-22T13:18:08.000Z","005Ff000001F2fFIAS","2023-05-22T13:18:08.000Z","005Ff000001F2fFIAS","2023-05-22T13:18:08.000Z","","","0.0","","","0.0","","","","HOU/DEL/0223/00164","a00Ff000003QOthIAG","","","","Monthly","0.0","Yes"
"a0FFf000000CykaMAC","005Ff000001F2fFIAS","false","a0FFf000000Cyka","2023-05-22T13:18:08.000Z","005Ff000001F2fFIAS","2023-05-22T13:18:08.000Z","005Ff000001F2fFIAS","2023-05-22T13:18:08.000Z","","","0.0","","","0.0","2018-12-24","0.0","2018-12-24","HOU/DEL/0223/00175","a00Ff000003QOtsIAG","","","","Monthly","0.0","Yes"
"a0FFf000000CykbMAC","005Ff000001F2fFIAS","false","a0FFf000000Cykb","2023-05-22T13:18:08.000Z","005Ff000001F2fFIAS","2023-05-22T13:18:08.000Z","005Ff000001F2fFIAS","2023-05-22T13:18:08.000Z","","","0.0","","","0.0","2016-12-06","0.0","2016-12-06","HOU/DEL/0223/00163","a00Ff000003QOtgIAG","","","","Monthly","0.0","Yes"
"a0FFf000000CykcMAC","005Ff000001F2fFIAS","false","a0FFf000000Cykc","2023-05-22T13:18:08.000Z","005Ff000001F2fFIAS","2023-05-22T13:18:08.000Z","005Ff000001F2fFIAS","2023-05-22T13:18:08.000Z","","","0.0","","","0.0","2015-10-03","8.416234E7","2015-10-03","HOU/DEL/0223/00156","a00Ff000003QOtZIAW","","","","Monthly","0.0","Yes"
"a0FFf000000CykdMAC","005Ff000001F2fFIAS","false","a0FFf000000Cykd","2023-05-22T13:18:08.000Z","005Ff000001F2fFIAS","2023-05-22T13:18:08.000Z","005Ff000001F2fFIAS","2023-05-22T13:18:08.000Z","","","0.0","","","0.0","","","","HOU/DEL/0223/00174","a00Ff000003QOtrIAG","","","","Monthly","0.0","Yes"
"a0FFf000000CykeMAC","005Ff000001F2fFIAS","false","a0FFf000000Cyke","2023-05-22T13:18:08.000Z","005Ff000001F2fFIAS","2023-05-22T13:18:08.000Z","005Ff000001F2fFIAS","2023-05-22T13:18:08.000Z","","","0.0","","","0.0","","","","HOU/DEL/0223/00147","a00Ff000003QOtQIAW","","","","Monthly","0.0","Yes"
"a0FFf000000CykfMAC","005Ff000001F2fFIAS","false","a0FFf000000Cykf","2023-05-22T13:18:08.000Z","005Ff000001F2fFIAS","2023-05-22T13:18:08.000Z","005Ff000001F2fFIAS","2023-05-22T13:18:08.000Z","","","0.0","","","0.0","2015-01-27","0.0","2015-01-27","HOU/DEL/0223/00155","a00Ff000003QOtYIAW","","","","Monthly","0.0","Yes"
"a0FFf000000CykgMAC","005Ff000001F2fFIAS","false","a0FFf000000Cykg","2023-05-22T13:18:08.000Z","005Ff000001F2fFIAS","2023-05-22T13:18:08.000Z","005Ff000001F2fFIAS","2023-05-22T13:18:08.000Z","","","0.0","","","0.0","2015-01-29","0.0","2015-01-29","HOU/DEL/0223/00145","a00Ff000003QOtOIAW","","","","Monthly","0.0","Yes"
"a0FFf000000CykhMAC","005Ff000001F2fFIAS","false","a0FFf000000Cykh","2023-05-22T13:18:08.000Z","005Ff000001F2fFIAS","2023-05-22T13:18:08.000Z","005Ff000001F2fFIAS","2023-05-22T13:18:08.000Z","","","0.0","","","0.0","2020-11-06","2370228.0","2020-11-06","HOU/DEL/0223/00178","a00Ff000003QOtvIAG","","","","Monthly","0.0","Yes"
"a0FFf000000CykiMAC","005Ff000001F2fFIAS","false","a0FFf000000Cyki","2023-05-22T13:18:08.000Z","005Ff000001F2fFIAS","2023-05-22T13:18:08.000Z","005Ff000001F2fFIAS","2023-05-22T13:18:08.000Z","","","0.0","","","0.0","2015-12-09","77312.0","2015-12-09","HOU/DEL/0223/00172","a00Ff000003QOtpIAG","","","","Monthly","0.0","Yes"
"a0FFf000000CykjMAC","005Ff000001F2fFIAS","false","a0FFf000000Cykj","2023-05-22T13:18:08.000Z","005Ff000001F2fFIAS","2023-05-22T13:18:08.000Z","005Ff000001F2fFIAS","2023-05-22T13:18:08.000Z","","","0.0","","","0.0","","","","HOU/DEL/0223/00171","a00Ff000003QOtoIAG","","","","Monthly","0.0","Yes"
"a0FFf000000CykkMAC","005Ff000001F2fFIAS","false","a0FFf000000Cykk","2023-05-22T13:18:08.000Z","005Ff000001F2fFIAS","2023-05-22T13:18:08.000Z","005Ff000001F2fFIAS","2023-05-22T13:18:08.000Z","","","0.0","","","0.0","2019-11-04","0.0","2019-11-04","HOU/DEL/0223/00148","a00Ff000003QOtRIAW","","0.0","0.0","Monthly","0.0","Yes"
"a0FFf000000CyklMAC","005Ff000001F2fFIAS","false","a0FFf000000Cykl","2023-05-22T13:18:08.000Z","005Ff000001F2fFIAS","2023-05-22T13:18:08.000Z","005Ff000001F2fFIAS","2023-05-22T13:18:08.000Z","","","0.0","","","0.0","2022-02-17","0.0","2022-02-17","HOU/DEL/0223/00152","a00Ff000003QOtVIAW","","","","Monthly","0.0","Yes"
"a0FFf000000CykmMAC","005Ff000001F2fFIAS","false","a0FFf000000Cykm","2023-05-22T13:18:08.000Z","005Ff000001F2fFIAS","2023-05-22T13:18:08.000Z","005Ff000001F2fFIAS","2023-05-22T13:18:08.000Z","","","0.0","","","0.0","2021-07-07","0.0","2021-07-07","HOU/DEL/0223/00150","a00Ff000003QOtTIAW","","","","Monthly","0.0","Yes"
"a0FFf000000CyknMAC","005Ff000001F2fFIAS","false","a0FFf000000Cykn","2023-05-22T13:18:08.000Z","005Ff000001F2fFIAS","2023-05-22T13:18:08.000Z","005Ff000001F2fFIAS","2023-05-22T13:18:08.000Z","","","0.0","","","0.0","2021-10-05","231579.36","2021-10-05","HOU/DEL/0223/00162","a00Ff000003QOtfIAG","","0.0","0.0","Monthly","0.0","Yes"
"a0FFf000000CykoMAC","005Ff000001F2fFIAS","false","a0FFf000000Cyko","2023-05-22T13:18:08.000Z","005Ff000001F2fFIAS","2023-05-22T13:18:08.000Z","005Ff000001F2fFIAS","2023-05-22T13:18:08.000Z","","","0.0","","","0.0","2022-12-21","0.0","2022-12-21","HOU/DEL/0223/00169","a00Ff000003QOtmIAG","","","","Monthly","0.0","Yes"
"a0FFf000000CykpMAC","005Ff000001F2fFIAS","false","a0FFf000000Cykp","2023-05-22T13:18:08.000Z","005Ff000001F2fFIAS","2023-05-22T13:18:08.000Z","005Ff000001F2fFIAS","2023-05-22T13:18:08.000Z","","","0.0","","","0.0","2015-03-31","134730.0","2015-03-31","HOU/DEL/0223/00125","a00Ff000003QOt4IAG","","0.0","0.0","Monthly","0.0","Yes"
"a0FFf000000CykqMAC","005Ff000001F2fFIAS","false","a0FFf000000Cykq","2023-05-22T13:18:08.000Z","005Ff000001F2fFIAS","2023-05-22T13:18:08.000Z","005Ff000001F2fFIAS","2023-05-22T13:18:08.000Z","","","0.0","","","0.0","2017-10-06","5.4E7","2017-10-06","HOU/DEL/0223/00161","a00Ff000003QOteIAG","","","","Monthly","0.0","Yes"
"a0FFf000000CykrMAC","005Ff000001F2fFIAS","false","a0FFf000000Cykr","2023-05-22T13:18:08.000Z","005Ff000001F2fFIAS","2023-05-22T13:18:08.000Z","005Ff000001F2fFIAS","2023-05-22T13:18:08.000Z","","","1000.0","","","0.0","2023-04-10","0.0","2023-04-10","HOU/DEL/0223/00052","a00Ff000003QSOoIAO","2023-05-10","0.0","0.0","Monthly","1180.0","Yes"
"a0FFf000000CyksMAC","005Ff000001F2fFIAS","false","a0FFf000000Cyks","2023-05-22T13:18:08.000Z","005Ff000001F2fFIAS","2023-05-22T13:18:08.000Z","005Ff000001F2fFIAS","2023-05-22T13:18:08.000Z","","","0.0","","","0.0","","","","HOU/DEL/0223/00663","a00Ff000003QPLqIAO","","","","","0.0","Yes"
"a0FFf000000CyktMAC","005Ff000001F2fFIAS","false","a0FFf000000Cykt","2023-05-22T13:18:08.000Z","005Ff000001F2fFIAS","2023-05-22T13:18:08.000Z","005Ff000001F2fFIAS","2023-05-22T13:18:08.000Z","","","0.0","","","0.0","2022-09-21","5900.0","2022-09-21","HOU/DEL/0223/00658","a00Ff000003QPLlIAO","","","","","0.0","Yes"
"a0FFf000000CykuMAC","005Ff000001F2fFIAS","false","a0FFf000000Cyku","2023-05-22T13:18:08.000Z","005Ff000001F2fFIAS","2023-05-22T13:18:08.000Z","005Ff000001F2fFIAS","2023-05-22T13:18:08.000Z","","","0.0","","","0.0","2022-09-24","5900.0","2022-09-24","HOU/DEL/0223/00656","a00Ff000003QPLjIAO","","","","","0.0","Yes"
"a0FFf000000CykvMAC","005Ff000001F2fFIAS","false","a0FFf000000Cykv","2023-05-22T13:18:08.000Z","005Ff000001F2fFIAS","2023-05-22T13:18:08.000Z","005Ff000001F2fFIAS","2023-05-22T13:18:08.000Z","","","0.0","","","0.0","2022-09-30","3540.0","2022-09-30","HOU/DEL/0223/00655","a00Ff000003QPLiIAO","","","","","0.0","Yes"
"a0FFf000000CykwMAC","005Ff000001F2fFIAS","false","a0FFf000000Cykw","2023-05-22T13:18:08.000Z","005Ff000001F2fFIAS","2023-05-22T13:18:08.000Z","005Ff000001F2fFIAS","2023-05-22T13:18:08.000Z","","","0.0","","","0.0","","","","HOU/DEL/0223/00661","a00Ff000003QPLoIAO","","","","","0.0","Yes"
"a0FFf000000CykxMAC","005Ff000001F2fFIAS","false","a0FFf000000Cykx","2023-05-22T13:18:08.000Z","005Ff000001F2fFIAS","2023-05-22T13:18:08.000Z","005Ff000001F2fFIAS","2023-05-22T13:18:08.000Z","","","0.0","","","0.0","2023-03-21","0.0","2023-03-21","HOU/DEL/0223/00654","a00Ff000003QPLhIAO","","","","","0.0","Yes"
"a0FFf000000CykyMAC","005Ff000001F2fFIAS","false","a0FFf000000Cyky","2023-05-22T13:18:08.000Z","005Ff000001F2fFIAS","2023-05-22T13:18:08.000Z","005Ff000001F2fFIAS","2023-05-22T13:18:08.000Z","","","0.0","","","0.0","2023-04-05","12611.0","2023-04-05","HOU/DEL/0223/00662","a00Ff000003QPLpIAO","2023-05-05","0.0","0.0","Monthly","0.0","Yes"
"a0FFf000000CykzMAC","005Ff000001F2fFIAS","false","a0FFf000000Cykz","2023-05-22T13:18:08.000Z","005Ff000001F2fFIAS","2023-05-22T13:18:08.000Z","005Ff000001F2fFIAS","2023-05-22T13:18:08.000Z","","","0.0","","","0.0","2023-04-05","0.0","2023-04-05","HOU/DEL/0223/00660","a00Ff000003QPLnIAO","2023-05-05","0.0","0.0","Monthly","0.0","Yes"
"a0FFf000000Cyl0MAC","005Ff000001F2fFIAS","false","a0FFf000000Cyl0","2023-05-22T13:18:08.000Z","005Ff000001F2fFIAS","2023-05-22T13:18:08.000Z","005Ff000001F2fFIAS","2023-05-22T13:18:08.000Z","","","0.0","","","0.0","2023-04-05","29838.0","2023-04-05","HOU/DEL/0223/00652","a00Ff000003QPLfIAO","2023-05-05","0.0","0.0","Monthly","0.0","Yes"
"a0FFf000000Cyl1MAC","005Ff000001F2fFIAS","false","a0FFf000000Cyl1","2023-05-22T13:18:08.000Z","005Ff000001F2fFIAS","2023-05-22T13:18:08.000Z","005Ff000001F2fFIAS","2023-05-22T13:18:08.000Z","","","0.0","","","0.0","2023-04-05","15950.0","2023-04-05","HOU/DEL/0223/00657","a00Ff000003QPLkIAO","2023-05-05","0.0","0.0","Monthly","0.0","Yes"
"a0FFf000000Cyl2MAC","005Ff000001F2fFIAS","false","a0FFf000000Cyl2","2023-05-22T13:18:08.000Z","005Ff000001F2fFIAS","2023-05-22T13:18:08.000Z","005Ff000001F2fFIAS","2023-05-22T13:18:08.000Z","","","0.0","","","0.0","2023-04-05","21630.0","2023-04-05","HOU/DEL/0223/00653","a00Ff000003QPLgIAO","2023-05-05","0.0","0.0","Monthly","0.0","Yes"
"a0FFf000000Cyl3MAC","005Ff000001F2fFIAS","false","a0FFf000000Cyl3","2023-05-22T13:18:08.000Z","005Ff000001F2fFIAS","2023-05-22T13:18:08.000Z","005Ff000001F2fFIAS","2023-05-22T13:18:08.000Z","","","954.0","","","0.0","2023-04-29","954.0","2023-04-29","HOU/DEL/0223/00664","a00Ff000003QPLrIAO","2023-05-05","0.0","0.0","Monthly","1089.0","Yes"
"a0FFf000000Cyl4MAC","005Ff000001F2fFIAS","false","a0FFf000000Cyl4","2023-05-22T13:18:08.000Z","005Ff000001F2fFIAS","2023-05-22T13:18:08.000Z","005Ff000001F2fFIAS","2023-05-22T13:18:08.000Z","","","0.0","","","0.0","2022-09-20","3540.0","2022-09-20","HOU/DEL/0223/00659","a00Ff000003QPLmIAO","","","","","0.0","Yes"
